name,datetime,tempmax,tempmin,temp,feelslikemax,feelslikemin,feelslike,dew,humidity,precip,precipprob,precipcover,preciptype,snow,snowdepth,windgust,windspeed,winddir,sealevelpressure,cloudcover,visibility,solarradiation,solarenergy,uvindex,severerisk,sunrise,sunset,moonphase,conditions,description,icon,stations
abuja,2020-01-01,34.1,16.4,25.4,31.9,16.4,24.6,7,33.3,0,0,0,,0,0,18.8,9.8,28,1012,51.2,6.2,251.3,21.6,9,,2020-01-01T06:45:17,2020-01-01T18:21:32,0.2,Partially cloudy,Partly cloudy throughout the day.,partly-cloudy-day,"65125099999,DNAA,remote,65112599999"
abuja,2020-01-02,31,18.5,23.8,29.2,18.5,23.4,4.3,28.7,0,0,0,,0,0,20.4,15,25.6,1014,24.5,3.7,252,21.9,9,,2020-01-02T06:45:41,2020-01-02T18:22:03,0.23,Partially cloudy,Partly cloudy throughout the day.,partly-cloudy-day,"65125099999,DNAA,65112599999,remote"
abuja,2020-01-03,32,14,22.9,30,14,22.4,5,32.5,0,0,0,,0,0,15.4,9.2,29.5,1014.5,17.4,4.6,254,22.1,9,,2020-01-03T06:46:05,2020-01-03T18:22:35,0.25,Clear,Clear conditions throughout the day.,clear-day,"65125099999,DNAA,remote,65112599999"
abuja,2020-01-04,32,15,23.5,30,15,22.9,5.7,33.7,0,0,0,,0,0,13.4,10.3,64.2,1014.2,20.9,2.8,251.8,21.9,9,,2020-01-04T06:46:29,2020-01-04T18:23:07,0.3,Partially cloudy,Partly cloudy throughout the day.,partly-cloudy-day,"65125099999,DNAA,remote,65112599999"
abuja,2020-01-05,31,16.4,23.8,29.4,16.4,23.4,8.8,40.6,0,0,0,,0,0,16.6,13.9,78.9,1013.3,8.3,0.7,246.8,21.3,9,,2020-01-05T06:46:51,2020-01-05T18:23:39,0.33,Clear,Clear conditions throughout the day.,clear-day,"65125099999,DNAA,remote,65112599999"
abuja,2020-01-06,35.6,18,25.8,34.6,18,25.2,11.5,43.9,0,0,0,,0,0,15,9.2,75.4,1012,26.8,1.1,237.7,20.5,9,,2020-01-06T06:47:13,2020-01-06T18:24:11,0.36,Partially cloudy,Partly cloudy throughout the day.,partly-cloudy-day,"65125099999,DNAA,65112599999,remote"
abuja,2020-01-07,35,19.4,26.4,34.3,19.4,26,12.5,44.7,0,0,0,,0,0,14.8,9.2,79.3,1011.9,18.1,1.8,247.7,21.3,9,,2020-01-07T06:47:34,2020-01-07T18:24:42,0.39,Clear,Clear conditions throughout the day.,clear-day,"65125099999,DNAA,65112599999,remote"
abuja,2020-01-08,36,20.2,27.3,34.5,20.2,26.8,11.9,42.1,0,0,0,,0,0,12.8,6,53.6,1012.8,16.2,2.5,248.7,21.4,9,,2020-01-08T06:47:54,2020-01-08T18:25:14,0.42,Clear,Clear conditions throughout the day.,clear-day,"65125099999,DNAA,remote,65112599999"
abuja,2020-01-09,36,19.6,27.4,34.5,19.6,26.7,11,39.5,0,0,0,,0,0,13.6,6.9,78.3,1012.6,10.1,3.3,253,21.8,9,,2020-01-09T06:48:14,2020-01-09T18:25:45,0.46,Clear,Clear conditions throughout the day.,clear-day,"65125099999,DNAA,65112599999,remote"
abuja,2020-01-10,37,18,27.2,35.8,18,26.7,12.5,43.5,0,0,0,,0,0,17.4,8.1,74.8,1013.5,12.9,2.8,251.6,21.6,9,,2020-01-10T06:48:32,2020-01-10T18:26:16,0.5,Clear,Clear conditions throughout the day.,clear-day,"65125099999,DNAA,65112599999,remote"
abuja,2020-01-11,35,20.1,27.1,36.8,20.1,27.3,15.8,51.5,0,0,0,,0,0,15,5.8,199.5,1013.4,28.8,2.7,239.1,20.6,8,,2020-01-11T06:48:50,2020-01-11T18:26:47,0.52,Partially cloudy,Partly cloudy throughout the day.,partly-cloudy-day,"65125099999,DNAA,remote,65112599999"
abuja,2020-01-12,35,22,28.4,35.7,22,28.7,16.8,51.5,0,0,0,,0,0,14.8,6.9,99.9,1013.3,10.5,2.5,224.4,19.4,8,,2020-01-12T06:49:07,2020-01-12T18:27:17,0.56,Clear,Clear conditions throughout the day.,clear-day,"65125099999,DNAA,65112599999,remote"
abuja,2020-01-13,37,22,28.8,37.4,22,29.1,17.5,54.4,0,0,0,,0,0,14.5,48.3,162.5,1010.8,7,3,252.1,21.7,9,,2020-01-13T06:49:23,2020-01-13T18:27:47,0.59,Clear,Clear conditions throughout the day.,wind,"65125099999,DNAA,65112599999,remote"
abuja,2020-01-14,36.1,20,28,35.8,20,27.5,14.5,48.7,0,0,0,,0,0,16.1,9.2,106.4,1009.6,13.2,3.3,255.4,21.9,9,,2020-01-14T06:49:38,2020-01-14T18:28:17,0.63,Clear,Clear conditions throughout the day.,clear-day,"65125099999,DNAA,65112599999,remote"
abuja,2020-01-15,36,20.7,27.9,36.3,20.7,27.6,13.4,44.3,0,0,0,,0,0,16.6,10.3,77.8,1010.8,17.3,4.9,257.3,22.2,9,,2020-01-15T06:49:52,2020-01-15T18:28:47,0.66,Clear,Clear conditions throughout the day.,clear-day,"65125099999,DNAA,65112599999,remote"
abuja,2020-01-16,35,20.4,27.1,33,20.4,26.3,8,31.8,0,0,0,,0,0,20.6,10.3,34,1012.6,19.6,4.2,260.6,22.5,9,,2020-01-16T06:50:06,2020-01-16T18:29:16,0.7,Clear,Clear conditions throughout the day.,clear-day,"65125099999,DNAA,remote,65112599999"
abuja,2020-01-17,35,18,26.1,33.1,18,25.4,8.6,36.5,0,0,0,,0,0,14.8,8.1,21,1013.6,7.8,3,261.8,22.5,9,,2020-01-17T06:50:18,2020-01-17T18:29:44,0.75,Clear,Clear conditions throughout the day.,clear-day,"65125099999,DNAA,remote,65112599999"
abuja,2020-01-18,33,19,25.7,31.1,19,25,8.3,35.7,0,0,0,,0,0,14.5,8.1,38.6,1014.2,29.3,2,256.4,22.1,9,,2020-01-18T06:50:29,2020-01-18T18:30:13,0.77,Partially cloudy,Partly cloudy throughout the day.,partly-cloudy-day,"65125099999,DNAA,remote,65112599999"
abuja,2020-01-19,33.7,18.1,24.7,32,18.1,24.2,9.1,39,0,0,0,,0,0,15.9,9.2,63.4,1013,13.8,1.8,259.8,22.5,9,,2020-01-19T06:50:40,2020-01-19T18:30:40,0.81,Clear,Clear conditions throughout the day.,clear-day,"65125099999,DNAA,65112599999,remote"
abuja,2020-01-20,34.1,18.9,25.9,33,18.9,25.3,11.7,43.5,0,0,0,,0,0,17.9,8.1,87.6,1011.8,46.1,1,258.6,22.2,9,,2020-01-20T06:50:49,2020-01-20T18:31:08,0.84,Partially cloudy,Partly cloudy throughout the day.,partly-cloudy-day,"65125099999,DNAA,65112599999,remote"
abuja,2020-01-21,36.4,20.2,27.3,35,20.2,26.8,12.1,41.6,0,0,0,,0,0,12.8,10.3,62.3,1011.7,33.4,1.3,257.6,22.2,9,,2020-01-21T06:50:58,2020-01-21T18:31:35,0.88,Partially cloudy,Partly cloudy throughout the day.,partly-cloudy-day,"65125099999,DNAA,remote,65112599999"
abuja,2020-01-22,37,20,27.7,34.9,20,26.9,9.8,35.9,0,0,0,,0,0,19.5,15,65.9,1012.6,17.6,4.1,264.5,22.6,9,,2020-01-22T06:51:05,2020-01-22T18:32:01,0.91,Clear,Clear conditions throughout the day.,clear-day,"65125099999,DNAA,65112599999,remote"
abuja,2020-01-23,35.6,20,27,33.2,20,26.1,6.1,28.4,0,0,0,,0,0,19.5,12.8,61,1012.3,38.8,4.1,268.3,23,9,,2020-01-23T06:51:12,2020-01-23T18:32:27,0.95,Partially cloudy,Partly cloudy throughout the day.,partly-cloudy-day,"65125099999,DNAA,remote,65112599999"
abuja,2020-01-24,35.2,17.9,26.6,32.9,17.9,25.7,3,24.1,0,0,0,,0,0,23.7,15,57.1,1013.3,18.9,4.7,276,23.6,10,,2020-01-24T06:51:17,2020-01-24T18:32:52,0,Clear,Clear conditions throughout the day.,clear-day,"65125099999,DNAA,remote,65112599999"
abuja,2020-01-25,36,21,27.2,33.4,21,26.2,0.2,17.8,0,0,0,,0,0,22.1,13.9,63.3,1013.8,32.4,5.1,275.8,23.7,10,,2020-01-25T06:51:22,2020-01-25T18:33:16,0.02,Partially cloudy,Partly cloudy throughout the day.,partly-cloudy-day,"65125099999,DNAA,remote,65112599999"
abuja,2020-01-26,35,15,25.8,32.7,15,25,3.6,25.7,0,0,0,,0,0,15.4,9.2,78.5,1013.7,74.8,6.2,273.9,23.5,9,,2020-01-26T06:51:25,2020-01-26T18:33:40,0.05,Partially cloudy,Partly cloudy throughout the day.,partly-cloudy-day,"65125099999,DNAA,65112599999,remote"
abuja,2020-01-27,36,16,25.6,33.3,16,24.7,6.3,32.5,0,0,0,,0,0,11.9,8.1,35.6,1013.1,3.5,3.7,272.1,23.4,9,,2020-01-27T06:51:27,2020-01-27T18:34:04,0.08,Clear,Clear conditions throughout the day.,clear-day,"65125099999,DNAA,65112599999,remote"
abuja,2020-01-28,35,17,25.8,33.1,17,25,7.6,34.3,0,0,0,,0,0,13.4,9.2,20.2,1013.2,10.1,3,270.1,23.4,9,,2020-01-28T06:51:29,2020-01-28T18:34:27,0.12,Clear,Clear conditions throughout the day.,clear-day,"65125099999,DNAA,65112599999,remote"
abuja,2020-01-29,35,18,25.9,33.1,18,25.1,8.6,37.3,0,0,0,,0,0,15.4,8.1,48.8,1012.9,13.6,3.2,270.5,23.5,9,,2020-01-29T06:51:29,2020-01-29T18:34:49,0.15,Clear,Clear conditions throughout the day.,clear-day,"65125099999,DNAA,65112599999,remote"
abuja,2020-01-30,37,16,25.8,34.5,16,24.9,4.7,28.3,0,0,0,,0,0,15.4,11.4,48.6,1014.2,54.7,6.2,274.7,23.7,9,,2020-01-30T06:51:29,2020-01-30T18:35:11,0.18,Partially cloudy,Partly cloudy throughout the day.,partly-cloudy-day,"65125099999,DNAA,65112599999,remote"
abuja,2020-01-31,37,16,26.7,34.6,16,25.8,5.4,27.3,0,0,0,,0,0,16.6,9.2,85.5,1014.3,18.3,5.4,277.1,23.9,10,,2020-01-31T06:51:27,2020-01-31T18:35:32,0.21,Clear,Clear conditions throughout the day.,clear-day,"65125099999,DNAA,remote,65112599999"
abuja,2020-02-01,36,16,26.6,33.8,16,25.6,5,28,0,0,0,,0,0,16.8,48.3,26.7,1013.4,30,5.8,277,24,10,,2020-02-01T06:51:24,2020-02-01T18:35:52,0.25,Partially cloudy,Partly cloudy throughout the day.,wind,"65125099999,DNAA,65112599999,remote"
abuja,2020-02-02,35,17,26,32.9,17,25.2,5.5,29,0,0,0,,0,0,15.2,9.2,32.5,1013.6,6.6,5.5,276.9,24,10,,2020-02-02T06:51:21,2020-02-02T18:36:12,0.25,Clear,Clear conditions throughout the day.,clear-day,"65125099999,DNAA,remote,65112599999"
abuja,2020-02-03,35.4,18,26.3,33.2,18,25.4,6.1,29.6,0,0,0,,0,0,13.6,8.1,32.9,1014.1,28.5,6.2,274.9,23.7,9,,2020-02-03T06:51:16,2020-02-03T18:36:31,0.31,Partially cloudy,Partly cloudy throughout the day.,partly-cloudy-day,"65125099999,DNAA,65112599999,remote"
abuja,2020-02-04,34,18,25.9,32.1,18,25.1,7.2,32.5,0,0,0,,0,0,14.8,9.2,52.4,1014.5,22.3,5.2,270,23.2,9,,2020-02-04T06:51:11,2020-02-04T18:36:49,0.34,Partially cloudy,Partly cloudy throughout the day.,partly-cloudy-day,"65125099999,DNAA,65112599999,remote"
abuja,2020-02-05,35,18.9,27,33.1,18.9,26.1,6.1,27.8,0,0,0,,0,0,17.7,10.3,43.4,1013.2,33,5.1,261.8,22.8,9,,2020-02-05T06:51:04,2020-02-05T18:37:07,0.37,Partially cloudy,Partly cloudy throughout the day.,partly-cloudy-day,"65125099999,DNAA,65112599999,remote"
abuja,2020-02-06,36,17.9,27.1,34.3,17.9,26.3,7.6,30.8,0,0,0,,0,0,16.1,10.3,43.5,1012.8,11.5,3.3,271.3,23.5,9,,2020-02-06T06:50:56,2020-02-06T18:37:24,0.41,Clear,Clear conditions throughout the day.,clear-day,"65125099999,DNAA,65112599999,remote"
abuja,2020-02-07,37.2,19,28.3,36,19,27.5,7.9,29.4,0,0,0,,0,0,18.1,9.2,41,1012.7,23.5,6.1,270.6,23.4,9,,2020-02-07T06:50:48,2020-02-07T18:37:40,0.44,Partially cloudy,Partly cloudy throughout the day.,partly-cloudy-day,"65125099999,DNAA,remote,65112599999"
abuja,2020-02-08,37.1,19,27.6,35.6,19,26.9,9.1,32.7,0,0,0,,0,0,17.9,8.1,43.5,1012.5,38,6.2,273.6,23.6,9,,2020-02-08T06:50:39,2020-02-08T18:37:56,0.47,Partially cloudy,Partly cloudy throughout the day.,partly-cloudy-day,"65125099999,DNAA,65112599999,remote"
abuja,2020-02-09,37,21,28.1,35.3,21,27.3,8.3,30.8,0,0,0,,0,0,16.6,11.4,81.1,1013.1,29.9,5,274.7,23.6,9,,2020-02-09T06:50:28,2020-02-09T18:38:11,0.5,Partially cloudy,Clearing in the afternoon.,partly-cloudy-day,"65125099999,DNAA,65112599999,remote"
abuja,2020-02-10,36,21,28.1,35.1,21,27.4,9.5,32.3,0,0,0,,0,0,16.6,11.4,82.7,1014.5,7.6,1.8,275,23.8,10,,2020-02-10T06:50:17,2020-02-10T18:38:25,0.54,Clear,Clear conditions throughout the day.,clear-day,"65125099999,DNAA,65112599999,remote"
abuja,2020-02-11,36.6,22,29.1,35.1,22,28.1,6.1,23.8,0,0,0,,0,0,21.7,12.8,75.8,1013.6,14.5,0.7,279.9,24.1,10,,2020-02-11T06:50:05,2020-02-11T18:38:39,0.57,Clear,Clear conditions throughout the day.,clear-day,"65125099999,DNAA,65112599999,remote"
abuja,2020-02-12,35,22,27.5,33.5,22,26.9,7.2,28,0,0,0,,0,0,18.6,10.3,86.7,1013.2,17,1.2,283.9,24.5,10,,2020-02-12T06:49:51,2020-02-12T18:38:52,0.61,Clear,Clear conditions throughout the day.,clear-day,"65125099999,DNAA,65112599999,remote"
abuja,2020-02-13,36,20.4,27.9,34.5,20.4,27.1,7.8,29.1,0,0,0,,0,0,13.6,8.1,37.1,1012.6,9.6,0.8,283.3,24.5,10,,2020-02-13T06:49:37,2020-02-13T18:39:05,0.64,Clear,Clear conditions throughout the day.,clear-day,"65125099999,DNAA,65112599999,remote"
abuja,2020-02-14,37,20.5,28.4,35.9,20.5,27.8,8.9,30.2,0,0,0,,0,0,14.5,11.4,30.1,1011,8.4,1.6,283.5,24.6,10,,2020-02-14T06:49:22,2020-02-14T18:39:16,0.68,Clear,Clear conditions throughout the day.,clear-day,"65125099999,DNAA,remote,65112599999"
abuja,2020-02-15,37,20,28.6,36.2,20,27.9,9.7,32.1,0,0,0,,0,0,15.7,9.2,75.5,1010.7,20.2,5.5,282,24.4,10,,2020-02-15T06:49:07,2020-02-15T18:39:27,0.75,Partially cloudy,Partly cloudy throughout the day.,partly-cloudy-day,"65125099999,DNAA,65112599999,remote"
abuja,2020-02-16,36,20,28,35.1,20,27.4,10.2,34,0,0,0,,0,0,15,8.1,97.7,1011.5,17.3,4.9,284.6,24.6,10,,2020-02-16T06:48:50,2020-02-16T18:39:38,0.75,Clear,Clear conditions throughout the day.,clear-day,"65125099999,DNAA,65112599999,remote"
abuja,2020-02-17,38,19.6,28.2,37.3,19.6,27.6,10.5,35,0,0,0,,0,0,16.8,15,120.4,1011.5,36,4.9,278.8,24.3,10,,2020-02-17T06:48:33,2020-02-17T18:39:48,0.78,Partially cloudy,Partly cloudy throughout the day.,partly-cloudy-day,"65125099999,DNAA,65112599999,remote"
abuja,2020-02-18,36,22,29.1,38.9,22,29.5,13.1,37.7,0,0,0,,0,0,18.1,10.3,131.1,1012.4,12.1,2.6,280.3,24.4,10,,2020-02-18T06:48:14,2020-02-18T18:39:57,0.82,Clear,Clear conditions throughout the day.,clear-day,"65125099999,DNAA,65112599999,remote"
abuja,2020-02-19,36.9,24,29.9,37,24,29.3,11.6,33.3,0,0,0,,0,0,15.9,8.1,64.8,1011.6,19.8,2.2,264.7,22.8,9,,2020-02-19T06:47:55,2020-02-19T18:40:06,0.85,Clear,Clear conditions throughout the day.,clear-day,"65125099999,DNAA,65112599999,remote"
abuja,2020-02-20,38,22,29.9,37.3,22,29.1,9.9,29.8,0,0,0,,0,0,14.8,9.2,69.6,1009.7,20.2,3.1,285.5,24.6,10,,2020-02-20T06:47:35,2020-02-20T18:40:14,0.89,Partially cloudy,Partly cloudy throughout the day.,partly-cloudy-day,"65125099999,DNAA,65112599999,remote"
abuja,2020-02-21,38,23.7,30.9,37.7,23.7,30.4,11.3,30.4,0,0,0,,0,0,19.5,10.3,107.4,1010,17.1,2.7,281.9,24.2,10,,2020-02-21T06:47:15,2020-02-21T18:40:21,0.92,Clear,Clear conditions throughout the day.,clear-day,"65125099999,DNAA,remote,65112599999"
abuja,2020-02-22,39,24.6,31.6,39.2,24.6,31.1,12.2,31.4,0,0,0,,0,0,20.4,10.3,76.6,1010.8,3.3,2.5,278.9,24.2,10,,2020-02-22T06:46:54,2020-02-22T18:40:28,0.96,Clear,Clear conditions throughout the day.,clear-day,"65125099999,DNAA,65112599999,remote"
abuja,2020-02-23,39,25,31.3,37.1,25,30,8.1,25,0,0,0,,0,0,21.3,9.8,70.1,1011.9,13.9,3.5,288.5,24.8,10,,2020-02-23T06:46:32,2020-02-23T18:40:35,0,Clear,Clear conditions throughout the day.,clear-day,"65125099999,DNAA,65112599999,remote"
abuja,2020-02-24,39.1,25,31.1,37,25,29.7,7.1,22.9,0,0,0,,0,0,20.6,13.9,87.6,1011.8,19.6,4.1,291.7,25.4,10,,2020-02-24T06:46:09,2020-02-24T18:40:41,0.03,Clear,Clear conditions throughout the day.,clear-day,"65125099999,DNAA,65112599999,remote"
abuja,2020-02-25,37,23,29.9,35.1,23,29,8.3,26.5,0,0,0,,0,0,18.8,11.4,54.3,1011.3,7.4,3.7,293,25.4,10,,2020-02-25T06:45:45,2020-02-25T18:40:46,0.06,Clear,Clear conditions throughout the day.,clear-day,"65125099999,DNAA,65112599999,remote"
abuja,2020-02-26,37,23,29.2,35.6,23,28.4,9,29.6,0,0,0,,0,0,16.3,8.1,64.7,1010.7,11.4,1.7,290.5,25.3,10,,2020-02-26T06:45:21,2020-02-26T18:40:51,0.09,Clear,Clear conditions throughout the day.,clear-day,"65125099999,DNAA,remote,65112599999"
abuja,2020-02-27,37.6,23.1,30.3,36.9,23.1,29.5,11.1,32.4,0,0,0,,0,0,16.6,10.3,118.6,1011.2,18.4,0.7,290.5,25.2,10,,2020-02-27T06:44:57,2020-02-27T18:40:55,0.13,Clear,Clear conditions throughout the day.,clear-day,"65125099999,DNAA,remote,65112599999"
abuja,2020-02-28,39,21.8,30.8,39.2,21.8,30.5,13.8,37,0,0,0,,0,0,14.3,6.9,163.1,1011.5,12.2,0.8,283,24.4,10,,2020-02-28T06:44:32,2020-02-28T18:40:59,0.16,Clear,Clear conditions throughout the day.,clear-day,"65125099999,DNAA,65112599999,remote"
abuja,2020-02-29,39,25.6,32.3,39.8,25.6,32.1,13.9,34,0,0,0,,0,0,14.5,9.2,125.5,1010.5,18.8,2.1,271.2,23.3,9,,2020-02-29T06:44:06,2020-02-29T18:41:02,0.19,Clear,Clear conditions throughout the day.,clear-day,"65125099999,DNAA,65112599999,remote"
abuja,2020-03-01,37,25,30.8,43.2,25,33.4,18.6,49,0.1,100,4.17,rain,0,0,17.2,11.4,184.4,1010.7,35.1,3,247.4,21.2,9,,2020-03-01T06:43:39,2020-03-01T18:41:05,0.23,"Rain, Partially cloudy",Becoming cloudy in the afternoon with late afternoon rain.,rain,"65125099999,DNAA,65112599999,remote"
abuja,2020-03-02,36,27,30.1,43.2,28.3,33.7,22.3,64.2,0.8,100,8.33,rain,0,0,16.6,19.7,327.4,1012.6,47.4,5.3,235.4,20.5,9,,2020-03-02T06:43:12,2020-03-02T18:41:07,0.25,"Rain, Partially cloudy",Partly cloudy throughout the day with rain.,rain,"65125099999,DNAA,65112599999,remote"
abuja,2020-03-03,37,25,30.3,40.1,25,32,20.2,56.8,0,0,0,,0,0,13.6,10.3,275.1,1013.1,38.9,5.5,236.7,20.4,9,,2020-03-03T06:42:45,2020-03-03T18:41:09,0.29,Partially cloudy,Partly cloudy throughout the day.,partly-cloudy-day,"65125099999,DNAA,65112599999,remote"
abuja,2020-03-04,38,23.7,31.1,38.1,23.7,31.6,17.8,48.5,0,0,0,,0,0,16.8,9.2,58.1,1012.8,27.5,5.1,274.3,23.6,9,,2020-03-04T06:42:17,2020-03-04T18:41:11,0.33,Partially cloudy,Partly cloudy throughout the day.,partly-cloudy-day,"65125099999,DNAA,65112599999,remote"
abuja,2020-03-05,39,24.2,31.8,38.4,24.2,31.4,13.9,36,0,0,0,,0,0,17.2,12.8,89.5,1011.2,34.9,5.5,272.7,23.7,9,,2020-03-05T06:41:48,2020-03-05T18:41:12,0.36,Partially cloudy,Partly cloudy throughout the day.,partly-cloudy-day,"65125099999,DNAA,remote,65112599999"
abuja,2020-03-06,37,22.2,30.8,40.1,22.2,32,16.4,42.5,0,0,0,,0,0,16.1,10.3,164.4,1009.9,44.9,6.2,266.3,22.8,9,,2020-03-06T06:41:19,2020-03-06T18:41:13,0.39,Partially cloudy,Partly cloudy throughout the day.,partly-cloudy-day,"65125099999,DNAA,65112599999,remote"
abuja,2020-03-07,37,25,31.3,38,25,32,17.7,46.9,0,0,0,,0,0,16.8,9.2,150.8,1010.1,69.8,6.2,257.8,22.3,9,,2020-03-07T06:40:50,2020-03-07T18:41:13,0.42,Partially cloudy,Partly cloudy throughout the day.,partly-cloudy-day,"65125099999,DNAA,65112599999,remote"
abuja,2020-03-08,37,26,31.2,39.3,26,32.9,19.9,53.2,0,0,0,,0,0,14.5,9.8,280.9,1011.2,44.8,6.2,259.6,22.4,9,,2020-03-08T06:40:20,2020-03-08T18:41:13,0.46,Partially cloudy,Partly cloudy throughout the day.,partly-cloudy-day,"65125099999,DNAA,65112599999,remote"
abuja,2020-03-09,39,26,32.9,40.5,26,33.5,16.4,39.1,0,0,0,,0,0,13.4,10.3,165.1,1009.7,43.8,6.2,294.8,25.5,10,,2020-03-09T06:39:50,2020-03-09T18:41:13,0.5,Partially cloudy,Clearing in the afternoon.,partly-cloudy-day,"65125099999,DNAA,65112599999,remote"
abuja,2020-03-10,37.4,25,31.8,40.2,25,33.7,19.5,49.7,0,0,0,,0,0,16.8,11.4,280.9,1009.2,63,6.2,268.4,23.3,9,,2020-03-10T06:39:19,2020-03-10T18:41:13,0.52,Partially cloudy,Partly cloudy throughout the day.,partly-cloudy-day,"65125099999,DNAA,65112599999,remote"
abuja,2020-03-11,39,27,32.4,42.5,28.5,35.9,21.3,53.4,0,0,0,,0,0,17.9,17.2,287.2,1009,60.4,6.2,278.8,24.1,10,,2020-03-11T06:38:49,2020-03-11T18:41:12,0.56,Partially cloudy,Partly cloudy throughout the day.,partly-cloudy-day,"65125099999,DNAA,65112599999"
abuja,2020-03-12,36,27,31.4,39.8,29.4,34.2,21.2,56.2,0.3,100,4.17,rain,0,0,14.3,15,248,1010,57.1,6.2,182.7,16,6,,2020-03-12T06:38:17,2020-03-12T18:41:11,0.59,"Rain, Partially cloudy",Partly cloudy throughout the day with afternoon rain.,rain,"65125099999,DNAA,65112599999,remote"
abuja,2020-03-13,36,25,30.3,36.8,25,30.2,15,41.7,0,0,0,,0,0,15.9,9.2,10.6,1010.8,50.8,2.8,275.9,23.8,10,,2020-03-13T06:37:46,2020-03-13T18:41:09,0.63,Partially cloudy,Partly cloudy throughout the day.,partly-cloudy-day,"65125099999,DNAA,65112599999,remote"
abuja,2020-03-14,37,23,30,34.4,23,28.7,6.8,25.4,0,0,0,,0,0,13.9,9.2,345.1,1011,28.1,2.2,299.6,25.8,10,,2020-03-14T06:37:14,2020-03-14T18:41:08,0.66,Partially cloudy,Becoming cloudy in the afternoon.,partly-cloudy-day,"65125099999,DNAA,65112599999,remote"
abuja,2020-03-15,38,21,29.5,35.7,21,28.3,7.8,28.2,0,0,0,,0,0,19,10.3,109.2,1010.7,14.1,2.2,308.1,26.5,10,,2020-03-15T06:36:42,2020-03-15T18:41:06,0.7,Clear,Clear conditions throughout the day.,clear-day,"65125099999,DNAA,65112599999"
abuja,2020-03-16,38,22.6,30.6,38.1,22.6,30.5,12.9,34.6,0,0,0,,0,0,15.4,51.9,172.6,1009.9,17.4,3,301.2,26,10,,2020-03-16T06:36:10,2020-03-16T18:41:04,0.75,Clear,Clear conditions throughout the day.,wind,"65125099999,DNAA,65112599999,remote"
abuja,2020-03-17,38,24,31.6,42.3,24,33.1,17.1,42.5,0,0,0,,0,0,15.9,9.2,169.4,1009.9,36.4,4,278,23.9,9,,2020-03-17T06:35:38,2020-03-17T18:41:02,0.76,Partially cloudy,Partly cloudy throughout the day.,partly-cloudy-day,"65125099999,DNAA,65112599999,remote"
abuja,2020-03-18,37.9,28,32.6,42.2,28.9,35.5,20.4,49.4,0,0,0,,0,0,15.7,8.1,232.5,1010.3,51.2,5.2,268.4,23.3,9,,2020-03-18T06:35:05,2020-03-18T18:40:59,0.8,Partially cloudy,Partly cloudy throughout the day.,partly-cloudy-day,"65125099999,DNAA,65112599999"
abuja,2020-03-19,35.1,27,30.5,40.6,28.8,32.8,20.3,55.5,0.1,100,4.17,rain,0,0,15.2,14,70.4,1010.3,67.5,6.2,263.8,22.8,9,,2020-03-19T06:34:32,2020-03-19T18:40:57,0.83,"Rain, Partially cloudy",Partly cloudy throughout the day with late afternoon rain.,rain,"65125099999,DNAA,65112599999,remote"
abuja,2020-03-20,37,24.9,30.8,39.3,24.9,32.6,19.8,53.8,0.1,100,4.17,rain,0,0,17.7,12.8,294.7,1010.8,65.2,6.2,262.4,22.7,9,,2020-03-20T06:33:59,2020-03-20T18:40:54,0.87,"Rain, Partially cloudy",Clearing in the afternoon with late afternoon rain.,rain,"65125099999,DNAA,65112599999,remote"
abuja,2020-03-21,37,26,31.1,40.1,26,33.7,21,56.7,0.1,100,4.17,rain,0,0,16.8,10.3,263.6,1009.8,74.3,6.2,259.3,22.3,9,,2020-03-21T06:33:26,2020-03-21T18:40:51,0.9,"Rain, Partially cloudy",Partly cloudy throughout the day with morning rain.,rain,"65125099999,DNAA,remote,65112599999"
abuja,2020-03-22,37,24,30.7,42.1,24,33.9,21.9,61.2,0.5,100,8.33,rain,0,0,31.1,17.2,209.9,1010.1,73.3,6.2,256.3,22.3,9,,2020-03-22T06:32:53,2020-03-22T18:40:49,0.93,"Rain, Partially cloudy",Partly cloudy throughout the day with late afternoon rain.,rain,"65125099999,DNAA,65112599999,remote"
abuja,2020-03-23,35,25,29.6,40.6,25,32.9,23.1,70,5,100,4.17,rain,0,0,17.9,17.2,232.3,1010.4,66.6,6.2,230.2,19.8,9,,2020-03-23T06:32:20,2020-03-23T18:40:46,0.97,"Rain, Partially cloudy",Partly cloudy throughout the day with early morning rain.,rain,"65125099999,DNAA,remote,65112599999"
abuja,2020-03-24,34,23,27.7,36.5,23,28.8,20.7,67.6,1,100,25,rain,0,0,14.1,11.4,262.9,1011.1,81,6.2,155.3,13.4,6,,2020-03-24T06:31:47,2020-03-24T18:40:43,0,"Rain, Partially cloudy",Partly cloudy throughout the day with rain.,rain,"65125099999,DNAA,65112599999,remote"
abuja,2020-03-25,34.1,24.4,29.1,36.1,24.4,30.1,19.8,59.1,0.4,100,8.33,rain,0,0,16.6,12.8,277.1,1011.5,58.1,6.2,215.4,18.6,7,,2020-03-25T06:31:14,2020-03-25T18:40:40,0.04,"Rain, Partially cloudy",Partly cloudy throughout the day with late afternoon rain.,rain,"65125099999,DNAA,remote,65112599999"
abuja,2020-03-26,35.6,25,29.2,38.4,25,30.8,20.8,62.4,1.2,100,12.5,rain,0,0,15.2,18.3,300.9,1010.9,70.1,6.2,244.6,21,8,,2020-03-26T06:30:40,2020-03-26T18:40:37,0.07,"Rain, Partially cloudy",Partly cloudy throughout the day with rain.,rain,"65125099999,DNAA,65112599999,remote"
abuja,2020-03-27,37,24.4,30.2,39.8,24.4,32.3,21.3,61.5,0.1,100,4.17,rain,0,0,15.7,11.4,207.2,1010.3,74.3,6.2,269.1,23.3,9,,2020-03-27T06:30:07,2020-03-27T18:40:34,0.1,"Rain, Partially cloudy",Partly cloudy throughout the day with early morning rain.,rain,"65125099999,DNAA,65112599999,remote"
abuja,2020-03-28,38,25,31.7,40.6,25,33.6,19.9,52.5,0,0,0,,0,0,13.6,10.2,253.8,1010.2,50.5,6.2,288.4,24.9,10,,2020-03-28T06:29:34,2020-03-28T18:40:31,0.14,Partially cloudy,Partly cloudy throughout the day.,partly-cloudy-day,"65125099999,DNAA,remote,65112599999"
abuja,2020-03-29,38,27.8,32.4,42.2,30.1,35.3,20.7,51.7,0,0,0,,0,0,15.9,10.3,265.6,1009.7,45.2,6.2,285.8,24.7,10,,2020-03-29T06:29:01,2020-03-29T18:40:28,0.17,Partially cloudy,Partly cloudy throughout the day.,partly-cloudy-day,"65125099999,DNAA,remote,65112599999"
abuja,2020-03-30,37,28,31.9,41.9,31.2,36.4,22.9,59.9,0,0,0,,0,0,14.5,11.4,265.9,1009.1,78.7,6.2,252.7,21.8,9,,2020-03-30T06:28:28,2020-03-30T18:40:25,0.21,Partially cloudy,Partly cloudy throughout the day.,partly-cloudy-day,"65125099999,DNAA,65112599999,remote"
abuja,2020-03-31,36,28,31.7,40.8,31.2,36,22.6,59.5,0.3,100,4.17,rain,0,0,16.1,11.4,236.7,1009.4,60,6.2,266.6,22.9,9,,2020-03-31T06:27:55,2020-03-31T18:40:22,0.24,"Rain, Partially cloudy",Partly cloudy throughout the day with late afternoon rain.,rain,"65125099999,DNAA,65112599999,remote"
abuja,2020-04-01,37,25,29.2,39.3,25,30.7,21.1,64.1,3,100,4.17,rain,0,0,19.9,12.8,213,1010.2,66.3,6,286,24.8,10,,2020-04-01T06:27:22,2020-04-01T18:40:19,0.25,"Rain, Partially cloudy",Partly cloudy throughout the day with late afternoon rain.,rain,"65125099999,DNAA,remote,65112599999"
abuja,2020-04-02,35,25,29.7,38.5,25,31.8,21.8,64.3,0,0,0,,0,0,16.8,11.4,272.1,1010.6,84.2,6.2,192.5,16.7,8,,2020-04-02T06:26:50,2020-04-02T18:40:17,0.31,Partially cloudy,Partly cloudy throughout the day.,partly-cloudy-day,"65125099999,DNAA,65112599999"
abuja,2020-04-03,37,24,30.9,42.1,24,34,21.7,60.1,0.1,100,4.17,rain,0,0,18.3,27.7,248.8,1010,65.4,6.1,282.3,24.3,10,,2020-04-03T06:26:17,2020-04-03T18:40:14,0.34,"Rain, Partially cloudy",Partly cloudy throughout the day with late afternoon rain.,rain,"65125099999,DNAA,65112599999,remote"
abuja,2020-04-04,33,25,28.7,36.1,25,30.5,21.6,67.1,10,100,4.17,rain,0,0,23.5,13.9,207.5,1011.4,77.2,6.2,251.4,21.7,9,,2020-04-04T06:25:45,2020-04-04T18:40:12,0.38,"Rain, Partially cloudy",Partly cloudy throughout the day with morning rain.,rain,"65125099999,DNAA,remote,65112599999"
abuja,2020-04-05,35.2,25.2,29.8,39.3,25.2,32.4,22.3,65.8,0,0,0,,0,0,20.6,9.2,273.8,1011.4,66,6.2,290.6,25.4,10,,2020-04-05T06:25:13,2020-04-05T18:40:09,0.41,Partially cloudy,Partly cloudy throughout the day.,partly-cloudy-day,"65125099999,DNAA,65112599999,remote"
abuja,2020-04-06,35,26.8,30.3,40.6,28.2,32.7,20.7,57.7,1.3,100,8.33,rain,0,0,19.5,13.9,223,1011.8,45.6,6.3,270.6,23.5,9,,2020-04-06T06:24:41,2020-04-06T18:40:07,0.44,"Rain, Partially cloudy",Partly cloudy throughout the day with rain.,rain,"65125099999,DNAA,remote,65112599999"
abuja,2020-04-07,37,24,30.4,40.1,24,32.2,20.9,59.9,2.2,100,8.33,rain,0,0,16.6,20.8,234.6,1011.1,58.6,6.2,282.6,24.6,10,,2020-04-07T06:24:10,2020-04-07T18:40:05,0.48,"Rain, Partially cloudy",Partly cloudy throughout the day with late afternoon rain.,rain,"65125099999,DNAA,65112599999,remote"
abuja,2020-04-08,34,23.8,28.1,38.1,23.8,30.2,21.9,71,4,100,4.17,rain,0,0,16.8,10.3,245.2,1010.6,50.3,6.2,277.1,24.2,10,,2020-04-08T06:23:39,2020-04-08T18:40:03,0.5,"Rain, Partially cloudy",Clearing in the afternoon with early morning rain.,rain,"65125099999,DNAA,65112599999,remote"
abuja,2020-04-09,33,24,28.2,39.3,24,30.8,21.9,69.4,0,0,0,,0,0,16.6,23,210.3,1011.1,49.8,6.2,220.2,19.1,7,,2020-04-09T06:23:08,2020-04-09T18:40:02,0.55,Partially cloudy,Partly cloudy throughout the day.,partly-cloudy-day,"65125099999,DNAA,65112599999,remote"
abuja,2020-04-10,34,24,27.3,37.3,24,28.6,21,70,3.9,100,25,rain,0,0,17.9,23,164.8,1011.9,45.7,6.2,186.8,16.4,6,,2020-04-10T06:22:37,2020-04-10T18:40:00,0.58,"Rain, Partially cloudy",Partly cloudy throughout the day with rain.,rain,"65125099999,DNAA,remote,65112599999"
abuja,2020-04-11,34,23.2,28.5,35.8,23.2,29.3,19.9,62.4,0.8,100,4.17,rain,0,0,19.7,11.4,163.8,1012.4,93.9,6.2,216.3,18.8,9,,2020-04-11T06:22:07,2020-04-11T18:39:59,0.61,"Rain, Overcast",Cloudy skies throughout the day with morning rain.,rain,"65125099999,DNAA,65112599999,remote"
abuja,2020-04-12,37,24.6,30.1,38,24.6,30.7,18.4,55.2,0,0,0,,0,0,13,13.9,76.5,1012.1,69.8,6.2,251.9,21.9,9,,2020-04-12T06:21:37,2020-04-12T18:39:58,0.65,Partially cloudy,Partly cloudy throughout the day.,partly-cloudy-day,"65125099999,DNAA,65112599999,remote"
abuja,2020-04-13,38,27.9,32.5,39.4,30,34.4,19.2,47.4,0,0,0,,0,0,12.5,10.3,164.8,1011,50.5,6.2,258.6,22.3,9,,2020-04-13T06:21:08,2020-04-13T18:39:58,0.68,Partially cloudy,Partly cloudy throughout the day.,partly-cloudy-day,"65125099999,DNAA,65112599999,remote"
abuja,2020-04-14,39,27,32.1,41.9,28.5,35,20.8,52.8,0,0,0,,0,0,13.2,21.9,159.8,1010.1,64.8,6.2,294.5,25.7,10,,2020-04-14T06:20:38,2020-04-14T18:39:57,0.75,Partially cloudy,Partly cloudy throughout the day.,partly-cloudy-day,"65125099999,DNAA,remote,65112599999"
abuja,2020-04-15,37,28,32.5,41,30.6,36.4,22,55.4,0,0,0,,0,0,15.7,8.1,256.9,1010.2,57.5,6.2,297.1,25.7,10,,2020-04-15T06:20:10,2020-04-15T18:39:57,0.75,Partially cloudy,Partly cloudy throughout the day.,partly-cloudy-day,"65125099999,DNAA,65112599999,remote"
abuja,2020-04-16,40,26.4,32,42.3,26.4,33.8,20.1,53.2,0,0,0,,0,0,14.5,11.4,259.4,1008.4,65.9,6.2,298.2,25.6,10,,2020-04-16T06:19:41,2020-04-16T18:39:57,0.78,Partially cloudy,Clearing in the afternoon.,partly-cloudy-day,"DNAA,remote,65112599999"
abuja,2020-04-17,36,27.4,31.9,39.8,30.5,35.9,22.3,58.4,0.6,100,16.67,rain,0,0,21.5,9.2,225.6,1008.9,73.8,6.3,252.6,21.9,9,,2020-04-17T06:19:14,2020-04-17T18:39:58,0.81,"Rain, Partially cloudy",Partly cloudy throughout the day with rain.,rain,"65125099999,DNAA,remote,65112599999"
abuja,2020-04-18,36,26.9,30.4,40.6,29.3,33.4,21.9,62,0.1,100,4.17,rain,0,0,22.1,11.4,225.4,1010.3,79.8,6.2,281.4,24.3,10,,2020-04-18T06:18:46,2020-04-18T18:39:59,0.85,"Rain, Partially cloudy",Partly cloudy throughout the day with late afternoon rain.,rain,"65125099999,DNAA,65112599999,remote"
abuja,2020-04-19,36,25.4,29.9,40.8,25.4,32.6,22.3,65.8,0.1,100,4.17,rain,0,0,22.4,11.4,260.5,1012.3,64.8,6.2,243.9,21,10,,2020-04-19T06:18:19,2020-04-19T18:40:00,0.88,"Rain, Partially cloudy",Partly cloudy throughout the day with late afternoon rain.,rain,"65125099999,DNAA,remote,65112599999"
abuja,2020-04-20,34,25,29.4,39.3,25,31.9,21.9,65.3,0,0,0,,0,0,17,12.8,235.1,1012.7,72,6.2,231.9,20.1,9,,2020-04-20T06:17:53,2020-04-20T18:40:01,0.91,Partially cloudy,Partly cloudy throughout the day.,partly-cloudy-day,"65125099999,DNAA,65112599999,remote"
abuja,2020-04-21,36,26,29.9,40.8,26,32.4,21.5,62.1,0.6,100,4.17,rain,0,0,18.3,32.2,294.2,1011.6,57.5,6.1,292.3,25.4,10,,2020-04-21T06:17:27,2020-04-21T18:40:03,0.95,"Rain, Partially cloudy",Partly cloudy throughout the day with afternoon rain.,rain,"65125099999,DNAA,65112599999,remote"
abuja,2020-04-22,36,25,30,40.8,25,32.8,22.3,65.2,7.5,100,20.83,rain,0,0,18.3,11.4,209.2,1010.3,74.7,6.2,245.9,21.1,8,,2020-04-22T06:17:02,2020-04-22T18:40:05,0.98,"Rain, Partially cloudy",Partly cloudy throughout the day with rain.,rain,"65125099999,DNAA,65112599999,remote"
abuja,2020-04-23,33,23,27.8,38.1,23,30.3,22.9,76.2,9,100,4.17,rain,0,0,17,9.2,224.4,1010.9,67.3,6.2,178.6,15.3,7,,2020-04-23T06:16:37,2020-04-23T18:40:08,0,"Rain, Partially cloudy",Partly cloudy throughout the day with morning rain.,rain,"65125099999,DNAA,remote,65112599999"
abuja,2020-04-24,35,24.7,30.1,39.5,24.7,33.2,22.5,65.4,0,0,0,,0,0,15.7,12.8,251.1,1010.6,41.6,6.2,264.2,22.8,8,,2020-04-24T06:16:13,2020-04-24T18:40:11,0.05,Partially cloudy,Partly cloudy throughout the day.,partly-cloudy-day,"65125099999,DNAA,remote,65112599999"
abuja,2020-04-25,35,24,29.6,41.9,24,33.4,23.2,69.9,4,100,16.67,rain,0,0,19.2,20.8,273.4,1010.2,69.8,6.1,212.1,18.1,8,,2020-04-25T06:15:49,2020-04-25T18:40:14,0.08,"Rain, Partially cloudy",Partly cloudy throughout the day with rain.,rain,"65125099999,DNAA,65112599999,remote"
abuja,2020-04-26,28.6,24,26.5,31.4,24,27.4,22.1,77.7,0.5,100,20.83,rain,0,0,18.3,8.7,195.1,1010.9,77.7,,177.3,15.3,6,,2020-04-26T06:15:26,2020-04-26T18:40:17,0.12,"Rain, Partially cloudy",Partly cloudy throughout the day with rain in the morning and afternoon.,rain,remote
abuja,2020-04-27,34.1,23.1,27.8,37.1,23.1,29.6,21.5,69.9,0,0,0,,0,0,16.8,7.2,224.4,1012.8,83.3,6.5,210.6,18.3,6,,2020-04-27T06:15:04,2020-04-27T18:40:21,0.15,Partially cloudy,Partly cloudy throughout the day.,partly-cloudy-day,"65125099999,remote"
abuja,2020-04-28,34,24.3,29.1,38.7,24.3,31.7,22.2,67.9,0.5,100,8.33,rain,0,0,13.2,9.2,213.5,1012.2,34.3,6.4,300.2,26,9,,2020-04-28T06:14:42,2020-04-28T18:40:26,0.19,"Rain, Partially cloudy",Partly cloudy throughout the day with late afternoon rain.,rain,"65125099999,remote"
abuja,2020-04-29,35.6,25.4,28.9,40.1,25.4,31.1,21.7,66.3,0,0,0,,0,0,15.7,10.3,226.2,1012.5,78.6,6.8,198.3,17.1,6,,2020-04-29T06:14:21,2020-04-29T18:40:31,0.22,Partially cloudy,Partly cloudy throughout the day.,partly-cloudy-day,"65125099999,remote"
abuja,2020-04-30,33.4,23.8,28.2,37.3,23.8,30.3,21.3,67,0,0,0,,0,0,16.1,9.2,249.1,1012.9,69,6.5,239.2,20.7,8,,2020-04-30T06:14:00,2020-04-30T18:40:36,0.25,Partially cloudy,Partly cloudy throughout the day.,partly-cloudy-day,"65125099999,remote"
abuja,2020-05-01,34.4,23.7,28.7,37.9,23.7,30.6,21.2,64.9,0,0,0,,0,0,16.8,10.3,215.1,1013.1,47.6,6.4,287.4,24.8,9,,2020-05-01T06:13:40,2020-05-01T18:40:41,0.29,Partially cloudy,Partly cloudy throughout the day.,partly-cloudy-day,"65125099999,remote"
abuja,2020-05-02,35.9,23.4,29.2,39.3,23.4,31.6,22.1,67.4,1.1,100,16.67,rain,0,0,17.2,8.1,194.3,1011.7,62.3,6.8,250.7,21.8,7,,2020-05-02T06:13:21,2020-05-02T18:40:47,0.33,"Rain, Partially cloudy",Partly cloudy throughout the day with late afternoon rain.,rain,"65125099999,remote"
abuja,2020-05-03,33.9,22.6,27.4,35.7,22.6,28.8,21.5,72.3,8,100,4.17,rain,0,0,22.6,18.3,229.9,1011.2,81.2,6.9,146.2,12.7,5,,2020-05-03T06:13:03,2020-05-03T18:40:54,0.36,"Rain, Partially cloudy",Partly cloudy throughout the day with morning rain.,rain,"65125099999,remote"
abuja,2020-05-04,30.1,23,27,33.6,23,28.7,21.6,73.3,0.4,100,8.33,rain,0,0,15,12.8,190.6,1012.5,67.8,6.4,179.9,15.5,5,,2020-05-04T06:12:45,2020-05-04T18:41:01,0.4,"Rain, Partially cloudy",Partly cloudy throughout the day with rain.,rain,"65125099999,DNAA,remote,65112599999"
abuja,2020-05-05,34.4,24,28.5,39.4,24,30.1,21.8,69.3,9,100,4.17,rain,0,0,14.8,23,165.3,1011.4,34.4,6,286.9,24.9,10,,2020-05-05T06:12:28,2020-05-05T18:41:08,0.43,"Rain, Partially cloudy",Partly cloudy throughout the day with late afternoon rain.,rain,"65125099999,DNAA,65112599999,remote"
abuja,2020-05-06,34.6,24.6,28.8,41.8,24.6,31.8,23,72.3,0.9,100,4.17,rain,0,0,16.8,10.3,204.9,1010.4,42.7,6.4,279.7,24.1,9,,2020-05-06T06:12:11,2020-05-06T18:41:15,0.47,"Rain, Partially cloudy",Partly cloudy throughout the day with afternoon rain.,rain,"65125099999,DNAA,remote,65112599999"
abuja,2020-05-07,34,25.2,28.5,40.5,25.2,30.9,22.7,71.8,0,0,0,,0,0,15.9,10.3,205.8,1010.5,52.7,6.2,254.6,22.1,9,,2020-05-07T06:11:56,2020-05-07T18:41:23,0.5,Partially cloudy,Partly cloudy throughout the day.,partly-cloudy-day,"65125099999,DNAA,remote,65112599999"
abuja,2020-05-08,34,24,28.9,40.6,24,31.8,23.1,72.4,0.5,100,16.67,rain,0,0,15,10.3,224.7,1011.1,45.8,6.2,241.2,20.7,9,,2020-05-08T06:11:41,2020-05-08T18:41:32,0.53,"Rain, Partially cloudy",Partly cloudy throughout the day with rain.,rain,"65125099999,DNAA,65112599999,remote"
abuja,2020-05-09,33,22,26.9,40.6,22,28.8,22.8,79.3,10,100,4.17,rain,0,0,14.5,16.1,113.3,1011.6,61.4,6.1,229.3,20,7,,2020-05-09T06:11:27,2020-05-09T18:41:41,0.57,"Rain, Partially cloudy",Partly cloudy throughout the day with early morning rain.,rain,"65125099999,DNAA,65112599999,remote"
abuja,2020-05-10,30.1,23.5,26.6,33.4,23.5,28,22.7,80.2,7.8,100,45.83,rain,0,0,13.9,10.3,191.7,1012.3,83.6,6.2,154.8,13.3,6,,2020-05-10T06:11:13,2020-05-10T18:41:50,0.6,"Rain, Partially cloudy",Partly cloudy throughout the day with a chance of rain throughout the day.,rain,"65125099999,DNAA,remote,65112599999"
abuja,2020-05-11,33.9,24.3,28.2,39.6,24.3,30.9,23.4,77,0.5,100,20.83,rain,0,0,16.3,11.4,223.7,1013.2,74.1,6.2,204.4,17.5,7,,2020-05-11T06:11:00,2020-05-11T18:41:59,0.63,"Rain, Partially cloudy",Partly cloudy throughout the day with rain.,rain,"65125099999,DNAA,65112599999,remote"
abuja,2020-05-12,33.1,24,28.3,38.3,24,30.6,22.7,72.9,1,100,12.5,rain,0,0,12.1,8.1,250.1,1012.8,46.1,6.2,276.4,23.9,9,,2020-05-12T06:10:49,2020-05-12T18:42:09,0.66,"Rain, Partially cloudy",Partly cloudy throughout the day with rain.,rain,"65125099999,DNAA,65112599999,remote"
abuja,2020-05-13,32.4,23,28,37.9,23,30.4,22.8,74.4,0,0,0,,0,0,12.8,15,205.7,1013.6,69.1,6.5,160.1,13.7,6,,2020-05-13T06:10:37,2020-05-13T18:42:20,0.7,Partially cloudy,Partly cloudy throughout the day.,partly-cloudy-day,"65125099999,DNAA,remote,65112599999"
abuja,2020-05-14,35.1,24.7,28.7,41.5,24.7,31.2,23.2,73.6,3.4,100,12.5,rain,0,0,13.6,12.8,189.6,1012.1,58.6,6.3,295.2,25.4,10,,2020-05-14T06:10:27,2020-05-14T18:42:30,0.75,"Rain, Partially cloudy",Partly cloudy throughout the day with late afternoon rain.,rain,"65125099999,DNAA,remote,65112599999"
abuja,2020-05-15,31.6,23.1,27.2,34.5,23.1,29.2,22.3,75.7,6,100,4.17,rain,0,0,14.3,13.9,179.5,1012.3,87,6.2,231.2,20,8,,2020-05-15T06:10:17,2020-05-15T18:42:42,0.76,"Rain, Partially cloudy",Partly cloudy throughout the day with morning rain.,rain,"65125099999,DNAA,remote,65112599999"
abuja,2020-05-16,33,25,28.6,39.3,25,31.6,23.8,76.5,0,0,0,,0,0,15.2,11.4,238.8,1012.1,60.8,6.1,239.3,20.8,8,,2020-05-16T06:10:08,2020-05-16T18:42:53,0.79,Partially cloudy,Partly cloudy throughout the day.,partly-cloudy-day,"65125099999,DNAA,65112599999,remote"
abuja,2020-05-17,35.2,25,29.5,39.1,25,33.1,23.5,71.8,0.5,100,20.83,rain,0,0,17,59.9,220.6,1012.1,65.3,6.8,234.3,20.1,8,,2020-05-17T06:10:00,2020-05-17T18:43:05,0.83,"Rain, Partially cloudy",Partly cloudy throughout the day with a chance of rain throughout the day.,rain,"65125099999,DNAA,remote,65112599999"
abuja,2020-05-18,34,24,28.5,40.6,24,31.1,23,73.1,1,100,4.17,rain,0,0,18.1,12.8,235.8,1012.3,51.6,6.5,245,21.2,8,,2020-05-18T06:09:53,2020-05-18T18:43:17,0.86,"Rain, Partially cloudy",Partly cloudy throughout the day with late afternoon rain.,rain,"65125099999,DNAA,remote,65112599999"
abuja,2020-05-19,31.1,23.7,26.3,34.9,23.7,27.5,22.5,80.3,16,100,4.17,rain,0,0,16.3,10.3,243.9,1013.4,90,6.5,204.8,17.8,8,,2020-05-19T06:09:46,2020-05-19T18:43:29,0.89,"Rain, Partially cloudy",Partly cloudy throughout the day with early morning rain.,rain,"65125099999,DNAA,remote,65112599999"
abuja,2020-05-20,32.7,24.1,27.4,36.9,24.1,29.3,22.5,75.8,0,0,0,,0,0,16.3,9.2,212.8,1013.2,61,6.6,216.1,18.7,7,,2020-05-20T06:09:40,2020-05-20T18:43:42,0.93,Partially cloudy,Partly cloudy throughout the day.,partly-cloudy-day,"65125099999,DNAA,remote,65112599999"
abuja,2020-05-21,33.9,24.2,28.1,38.8,24.2,30,22.4,72.4,0,0,0,,0,0,18.3,11.4,217.1,1013.7,76.6,6.8,195,16.9,6,,2020-05-21T06:09:35,2020-05-21T18:43:55,0.96,Partially cloudy,Partly cloudy throughout the day.,partly-cloudy-day,"65125099999,DNAA,remote,65112599999"
abuja,2020-05-22,33.9,24.4,27.8,38.8,24.4,29.7,22.5,73.5,1,100,16.67,rain,0,0,16.3,10.3,186.8,1014.2,85.8,6.4,196.7,17.1,7,,2020-05-22T06:09:31,2020-05-22T18:44:09,0,"Rain, Partially cloudy",Partly cloudy throughout the day with rain.,rain,"65125099999,DNAA,remote,65112599999"
abuja,2020-05-23,32.1,23.8,26.8,37.2,23.8,28.2,22.5,78.3,1.2,100,25,rain,0,0,14.3,6.9,215.3,1013.6,82.2,6.4,180.8,15.7,7,,2020-05-23T06:09:28,2020-05-23T18:44:22,0.03,"Rain, Partially cloudy",Partly cloudy throughout the day with a chance of rain throughout the day.,rain,"65125099999,DNAA,remote,65112599999"
abuja,2020-05-24,30,23.4,26.1,34.1,23.4,26.8,22.1,79.3,2,100,4.17,rain,0,0,12.8,11.4,144.7,1013.5,80.1,6.2,145.9,12.7,5,,2020-05-24T06:09:25,2020-05-24T18:44:36,0.06,"Rain, Partially cloudy",Partly cloudy throughout the day with early morning rain.,rain,"65125099999,DNAA,65112599999,remote"
abuja,2020-05-25,29.2,22.3,25,33.1,22.3,25.8,22.4,86.2,3,100,4.17,rain,0,0,11.4,6.9,205,1013.4,93.6,6.4,128.5,11.2,4,,2020-05-25T06:09:23,2020-05-25T18:44:50,0.1,"Rain, Overcast",Cloudy skies throughout the day with late afternoon rain.,rain,"65125099999,remote"
abuja,2020-05-26,34,22.7,27.6,39.4,22.7,30.5,23.3,79,1.8,100,4.17,rain,0,0,12.3,5.1,170.7,1013.4,84.9,6.2,198.6,17.1,7,,2020-05-26T06:09:21,2020-05-26T18:45:05,0.13,"Rain, Partially cloudy",Partly cloudy throughout the day with late afternoon rain.,rain,"65125099999,DNAA,remote,65112599999"
abuja,2020-05-27,32.2,22.4,26.3,39.5,22.4,28,22.8,81.8,3.6,100,25,rain,0,0,14.5,20.8,232.5,1012.9,81.2,6.3,166.6,14.2,5,,2020-05-27T06:09:21,2020-05-27T18:45:19,0.17,"Rain, Partially cloudy",Partly cloudy throughout the day with rain.,rain,"65125099999,DNAA,65112599999,remote"
abuja,2020-05-28,31,22.2,25.7,37.7,22.2,27.1,22.8,84.4,9,100,4.17,rain,0,0,17.9,10.3,263.6,1012.3,75,6.2,158.8,13.7,5,,2020-05-28T06:09:21,2020-05-28T18:45:34,0.2,"Rain, Partially cloudy",Clearing in the afternoon with early morning rain.,rain,"65125099999,DNAA,remote,65112599999"
abuja,2020-05-29,31.1,23.9,27.2,36.4,23.9,29.2,23,78.8,2.3,100,4.17,rain,0,0,12.8,9.2,203.2,1011.6,84,6.5,224.3,19.3,7,,2020-05-29T06:09:22,2020-05-29T18:45:49,0.24,"Rain, Partially cloudy",Partly cloudy throughout the day with late afternoon rain.,rain,"65125099999,remote"
abuja,2020-05-30,33,23.6,27.3,39.3,23.6,29.6,23.4,80.3,3.8,100,29.17,rain,0,0,15.7,10.3,207.5,1011.8,92.4,6.2,141.7,12.2,5,,2020-05-30T06:09:23,2020-05-30T18:46:04,0.25,"Rain, Overcast",Cloudy skies throughout the day with a chance of rain throughout the day.,rain,"65125099999,DNAA,remote,65112599999"
abuja,2020-05-31,29.6,22.5,26.5,35.9,22.5,28.4,23.1,82.3,0.2,100,8.33,rain,0,0,16.1,9.2,240.3,1013,96.3,7.3,148.8,13,5,,2020-05-31T06:09:26,2020-05-31T18:46:19,0.31,"Rain, Overcast",Cloudy skies throughout the day with rain in the morning and afternoon.,rain,"65125099999,remote"
abuja,2020-06-01,28.9,21.6,25.6,32.3,21.6,26.7,22.4,82.5,12,100,4.17,rain,0,0,15.2,6.9,230.7,1013.4,83.8,6.2,215.1,18.7,7,,2020-06-01T06:09:29,2020-06-01T18:46:35,0.35,"Rain, Partially cloudy",Partly cloudy throughout the day with afternoon rain.,rain,"65125099999,remote"
abuja,2020-06-02,29.6,21.3,25.2,32.3,21.3,26.1,21.7,82.2,4.9,100,29.17,rain,0,0,15.4,7.2,217,1013.7,78.1,6.7,144.8,12.3,5,,2020-06-02T06:09:32,2020-06-02T18:46:50,0.38,"Rain, Partially cloudy",Partly cloudy throughout the day with a chance of rain throughout the day.,rain,"65125099999,remote"
abuja,2020-06-03,32.2,23.7,27.5,37.7,23.7,29.9,23,77.4,0,0,0,,0,0,14.1,9.2,243.2,1013,65.6,6.2,242.7,21,8,,2020-06-03T06:09:36,2020-06-03T18:47:06,0.42,Partially cloudy,Partly cloudy throughout the day.,partly-cloudy-day,"65125099999,DNAA,remote,65112599999"
abuja,2020-06-04,31,23.2,27,37.6,23.2,29.4,22.9,78.8,1,100,4.17,rain,0,0,14.3,11.4,270.5,1013.2,67.6,6.2,191.6,16.5,8,,2020-06-04T06:09:41,2020-06-04T18:47:21,0.45,"Rain, Partially cloudy",Partly cloudy throughout the day with early morning rain.,rain,"65125099999,DNAA,remote,65112599999"
abuja,2020-06-05,32,23.4,27.7,39.2,23.4,30.5,23.9,80.8,12,100,4.17,rain,0,0,14.3,9.2,261.7,1014.3,50.4,6.2,206.1,18,6,,2020-06-05T06:09:47,2020-06-05T18:47:37,0.5,"Rain, Partially cloudy",Partly cloudy throughout the day with afternoon rain.,rain,"65125099999,DNAA,65112599999,remote"
abuja,2020-06-06,31,21.9,26.1,36.6,21.9,27.8,22.5,81.8,4.7,100,4.17,rain,0,0,19.9,9.2,151.1,1014.3,75.1,6.2,217.1,18.9,7,,2020-06-06T06:09:53,2020-06-06T18:47:53,0.52,"Rain, Partially cloudy",Partly cloudy throughout the day with late afternoon rain.,rain,"65125099999,DNAA,65112599999,remote"
abuja,2020-06-07,30,22,25.6,34.1,22,26.9,22.4,83.3,31,100,4.17,rain,0,0,18.6,8.1,276.9,1014.9,53.6,6.2,183.1,16,5,,2020-06-07T06:10:00,2020-06-07T18:48:08,0.55,"Rain, Partially cloudy",Partly cloudy throughout the day with early morning rain.,rain,"65125099999,DNAA,remote,65112599999"
abuja,2020-06-08,32,23,27.2,37.9,23,29.5,23.1,79.7,0,0,0,,0,0,15.7,9.2,269.1,1012.7,60.3,6.2,224.8,19.4,8,,2020-06-08T06:10:07,2020-06-08T18:48:24,0.59,Partially cloudy,Partly cloudy throughout the day.,partly-cloudy-day,"65125099999,DNAA,remote,65112599999"
abuja,2020-06-09,30,21,24.5,33.3,21,25.4,21.3,83.3,23,100,12.5,rain,0,0,15.9,26.4,234.2,1013.6,53.7,5.9,120.9,10.3,5,,2020-06-09T06:10:15,2020-06-09T18:48:39,0.62,"Rain, Partially cloudy",Partly cloudy throughout the day with a chance of rain throughout the day.,rain,"65125099999,DNAA,65112599999,remote"
abuja,2020-06-10,31,23.6,26.7,35.5,23.6,28.2,22.3,77.6,0.2,100,8.33,rain,0,0,15.2,9.2,216.6,1014.5,67.3,6.2,192.8,16.5,6,,2020-06-10T06:10:23,2020-06-10T18:48:55,0.65,"Rain, Partially cloudy",Partly cloudy throughout the day with rain in the morning and afternoon.,rain,"65125099999,DNAA,65112599999,remote"
abuja,2020-06-11,30,21,26.1,32.5,21,27.2,21.3,76.1,1.7,100,16.67,rain,0,0,18.3,11.4,279.7,1013.7,58.7,6.2,204.4,17.7,8,,2020-06-11T06:10:32,2020-06-11T18:49:10,0.68,"Rain, Partially cloudy",Partly cloudy throughout the day with rain.,rain,"65125099999,DNAA,remote,65112599999"
abuja,2020-06-12,31,23,26.4,36.4,23,28.2,23,82.3,7.5,100,54.17,rain,0,0,12.8,9.2,290.6,1013.9,66.3,6.2,134.3,11.8,4,,2020-06-12T06:10:42,2020-06-12T18:49:25,0.72,"Rain, Partially cloudy",Partly cloudy throughout the day with a chance of rain throughout the day.,rain,"65125099999,DNAA,65112599999,remote"
abuja,2020-06-13,31,23,25.8,35.5,23,27,22.5,82.8,24,100,4.17,rain,0,0,11.4,6.9,216.2,1013.7,68.7,6.3,162.5,14,5,,2020-06-13T06:10:51,2020-06-13T18:49:40,0.75,"Rain, Partially cloudy",Partly cloudy throughout the day with late afternoon rain.,rain,"65125099999,DNAA,65112599999,remote"
abuja,2020-06-14,31,22,25.9,35.5,22,27.4,22.6,82.7,0,0,0,,0,0,14.3,9.2,257.9,1014.3,62.3,6.2,245.3,21.2,8,,2020-06-14T06:11:02,2020-06-14T18:49:55,0.78,Partially cloudy,Partly cloudy throughout the day.,partly-cloudy-day,"65125099999,DNAA,65112599999,remote"
abuja,2020-06-15,34,24,27.2,39.4,24,29.3,23.1,78.9,0.3,100,12.5,rain,0,0,12.5,9.2,257.1,1014.7,67.6,6.2,179.9,15.4,7,,2020-06-15T06:11:13,2020-06-15T18:50:10,0.81,"Rain, Partially cloudy",Partly cloudy throughout the day with rain in the morning and afternoon.,rain,"65125099999,DNAA,65112599999,remote"
abuja,2020-06-16,32.4,24.2,27.4,39.2,24.2,30.3,23.9,81.5,1.3,100,16.67,rain,0,0,15.7,9.2,234.6,1012.8,52.5,6.2,232.6,20,8,,2020-06-16T06:11:24,2020-06-16T18:50:24,0.84,"Rain, Partially cloudy",Partly cloudy throughout the day with rain in the morning and afternoon.,rain,"65125099999,DNAA,remote,65112599999"
abuja,2020-06-17,37,23.4,26.6,44.4,23.4,28.4,23.8,85.4,15,100,4.17,rain,0,0,19,11.4,216.4,1012.8,73.2,6.2,160.9,14,6,,2020-06-17T06:11:36,2020-06-17T18:50:38,0.88,"Rain, Partially cloudy",Partly cloudy throughout the day with late afternoon rain.,rain,"65125099999,DNAA,65112599999,remote"
abuja,2020-06-18,29.7,22,25.1,32,22,25.5,22.3,85.7,7,100,4.17,rain,0,0,13.6,9.2,212.9,1014.4,59.4,6.2,160.7,13.8,6,,2020-06-18T06:11:48,2020-06-18T18:50:52,0.91,"Rain, Partially cloudy",Partly cloudy throughout the day with late afternoon rain.,rain,"65125099999,DNAA,65112599999,remote"
abuja,2020-06-19,29,22.8,26,32,22.8,27,22.6,82.7,0.3,100,4.17,rain,0,0,12.5,8.1,210.7,1016.1,55,6.2,169.5,14.6,5,,2020-06-19T06:12:00,2020-06-19T18:51:06,0.94,"Rain, Partially cloudy",Partly cloudy throughout the day with late afternoon rain.,rain,"65125099999,DNAA,65112599999,remote"
abuja,2020-06-20,32,23.7,27.3,37.9,23.7,29.7,23.1,79.1,0.2,100,8.33,rain,0,0,11.2,6.9,256.9,1014.9,44.7,6.2,232.2,19.9,7,,2020-06-20T06:12:13,2020-06-20T18:51:19,0.97,"Rain, Partially cloudy",Partly cloudy throughout the day with rain.,rain,"65125099999,DNAA,65112599999,remote"
abuja,2020-06-21,32,23.5,27.3,36.8,23.5,29.4,23.1,78.7,5.1,100,41.67,rain,0,0,14.5,21.9,224.6,1014.5,74.6,6.2,164.8,14.3,6,,2020-06-21T06:12:26,2020-06-21T18:51:32,0,"Rain, Partially cloudy",Partly cloudy throughout the day with rain.,rain,"65125099999,DNAA,remote,65112599999"
abuja,2020-06-22,30,21.8,24.9,34.1,21.8,25.7,21.9,84.3,4,100,4.17,rain,0,0,11.6,6.9,211.2,1013,67.8,6.1,104.5,9.1,4,,2020-06-22T06:12:39,2020-06-22T18:51:45,0.04,"Rain, Partially cloudy",Partly cloudy throughout the day with early morning rain.,rain,"65125099999,DNAA,remote,65112599999"
abuja,2020-06-23,29.3,22.5,25.2,33.2,22.5,26.1,22.2,84.6,1.7,100,45.83,rain,0,0,12.3,4.7,199.5,1011.9,56.7,,197.7,17,8,,2020-06-23T06:12:52,2020-06-23T18:51:57,0.08,"Rain, Partially cloudy",Partly cloudy throughout the day with rain.,rain,remote
abuja,2020-06-24,29.6,22.8,26.2,34.3,22.8,27.9,23.1,83.3,3,100,4.17,rain,0,0,14.3,6.9,213.5,1012.1,70.4,6.6,208.8,17.9,7,,2020-06-24T06:13:06,2020-06-24T18:52:09,0.11,"Rain, Partially cloudy",Partly cloudy throughout the day with late afternoon rain.,rain,"65125099999,remote"
abuja,2020-06-25,30,22.6,26.1,35.2,22.6,28,22.5,81.6,0.2,100,8.33,rain,0,0,14.1,12.8,214.1,1012.3,76.8,6.2,167.5,14.5,5,,2020-06-25T06:13:20,2020-06-25T18:52:20,0.15,"Rain, Partially cloudy",Partly cloudy throughout the day with afternoon rain.,rain,"65125099999,DNAA,remote,65112599999"
abuja,2020-06-26,28,20.7,25,31.9,20.7,25.7,22.5,85.9,2,100,4.17,rain,0,0,16.6,10.3,248.5,1012.3,71.9,6.2,203.7,17.6,8,,2020-06-26T06:13:34,2020-06-26T18:52:31,0.19,"Rain, Partially cloudy",Partly cloudy throughout the day with afternoon rain.,rain,"65125099999,DNAA,remote,65112599999"
abuja,2020-06-27,30,22.3,25.6,34.1,22.3,26.6,22.2,82.3,0.5,100,20.83,rain,0,0,15.9,10.3,210.3,1012.1,61,6.2,143.9,12.3,5,,2020-06-27T06:13:48,2020-06-27T18:52:41,0.22,"Rain, Partially cloudy",Partly cloudy throughout the day with rain in the morning and afternoon.,rain,"65125099999,DNAA,remote,65112599999"
abuja,2020-06-28,28,21.9,24.6,30.7,21.9,25.1,22,85.8,1,100,4.17,rain,0,0,13.2,8.1,250.9,1012.5,60.2,6.2,141.9,12.3,6,,2020-06-28T06:14:03,2020-06-28T18:52:51,0.25,"Rain, Partially cloudy",Partly cloudy throughout the day with afternoon rain.,rain,"65125099999,DNAA,remote,65112599999"
abuja,2020-06-29,28,22.9,24.5,31.3,22.9,25,22.5,89.3,19,100,4.17,rain,0,0,14.3,10.3,219.4,1013.5,78,5.9,169.9,14.6,6,,2020-06-29T06:14:17,2020-06-29T18:53:00,0.29,"Rain, Partially cloudy",Partly cloudy throughout the day with late afternoon rain.,rain,"65125099999,DNAA,remote,65112599999"
abuja,2020-06-30,30,23,25.4,35,23,26.5,23,87.5,10.7,100,62.5,rain,0,0,15.2,23,313.2,1013.6,70.2,6,116.5,10.1,5,,2020-06-30T06:14:32,2020-06-30T18:53:09,0.33,"Rain, Partially cloudy",Partly cloudy throughout the day with a chance of rain throughout the day.,rain,"65125099999,DNAA,65112599999,remote"
abuja,2020-07-01,32,22.7,26,37.9,22.7,27.6,22.8,83.7,11,100,4.17,rain,0,0,12.1,13.9,265.1,1013.3,60.9,6.2,191.1,16.6,7,,2020-07-01T06:14:47,2020-07-01T18:53:17,0.37,"Rain, Partially cloudy",Partly cloudy throughout the day with early morning rain.,rain,"65125099999,DNAA,remote,65112599999"
abuja,2020-07-02,32,22.9,26.9,37.9,22.9,29.4,23,80,15,100,4.17,rain,0,0,15.9,6.9,297.5,1012.4,66.3,6.4,243.9,21,8,,2020-07-02T06:15:02,2020-07-02T18:53:25,0.4,"Rain, Partially cloudy",Partly cloudy throughout the day with early morning rain.,rain,"65125099999,DNAA,65112599999,remote"
abuja,2020-07-03,31,23.8,27.3,37.7,23.8,30.3,23.8,81.6,10.1,100,50,rain,0,0,18.1,8.1,268.7,1011.7,67.6,6.2,191.1,16.4,7,,2020-07-03T06:15:16,2020-07-03T18:53:32,0.44,"Rain, Partially cloudy",Partly cloudy throughout the day with a chance of rain throughout the day.,rain,"65125099999,DNAA,65112599999,remote"
abuja,2020-07-04,27.7,22.2,24.8,30.5,22.2,25.3,22.3,86.5,7,100,4.17,rain,0,0,17,17.2,241.4,1013.2,83.4,5.9,117.4,10.2,4,,2020-07-04T06:15:31,2020-07-04T18:53:39,0.47,"Rain, Partially cloudy",Partly cloudy throughout the day with morning rain.,rain,"65125099999,DNAA,65112599999,remote"
abuja,2020-07-05,29,22.3,25.6,32.7,22.3,26.6,22,81.6,2.5,100,29.17,rain,0,0,12.8,9.2,267.3,1014.1,68.8,6.2,203.5,17.4,7,,2020-07-05T06:15:46,2020-07-05T18:53:44,0.5,"Rain, Partially cloudy",Partly cloudy throughout the day with rain.,rain,"65125099999,DNAA,remote,65112599999"
abuja,2020-07-06,31,22.8,26.2,35.5,22.8,28.1,23,83.4,1,100,29.17,rain,0,0,15.9,9.2,278.3,1012.8,67.6,6.2,158.5,13.6,5,,2020-07-06T06:16:01,2020-07-06T18:53:49,0.54,"Rain, Partially cloudy",Partly cloudy throughout the day with rain.,rain,"65125099999,DNAA,65112599999,remote"
abuja,2020-07-07,32,22.2,26.2,35.8,22.2,27.7,22.2,79.8,0.4,100,4.17,rain,0,0,15.4,11.4,209.3,1012,55.7,6.2,180.9,15.6,8,,2020-07-07T06:16:15,2020-07-07T18:53:54,0.57,"Rain, Partially cloudy",Partly cloudy throughout the day with early morning rain.,rain,"65125099999,DNAA,65112599999,remote"
abuja,2020-07-08,30,22.8,25.9,34.2,22.8,27.1,22.3,81.5,1.8,100,33.33,rain,0,0,13,8.1,233.8,1012.4,58.7,6.2,131.7,11.3,4,,2020-07-08T06:16:30,2020-07-08T18:53:58,0.6,"Rain, Partially cloudy",Partly cloudy throughout the day with rain.,rain,"65125099999,DNAA,65112599999,remote"
abuja,2020-07-09,31,23.4,26.8,35.4,23.4,28.6,23.2,81.6,4,100,29.17,rain,0,0,10.7,9.2,274.1,1013,66.5,6.2,162.6,13.9,6,,2020-07-09T06:16:44,2020-07-09T18:54:01,0.64,"Rain, Partially cloudy",Partly cloudy throughout the day with rain in the morning and afternoon.,rain,"65125099999,DNAA,remote,65112599999"
abuja,2020-07-10,26,20.2,23.3,26,20.2,23.3,21.5,90.2,22,100,4.17,rain,0,0,21.3,10.3,268.1,1013.7,66.3,5.8,106.8,9.2,4,,2020-07-10T06:16:58,2020-07-10T18:54:03,0.67,"Rain, Partially cloudy",Partly cloudy throughout the day with afternoon rain.,rain,"65125099999,DNAA,65112599999,remote"
abuja,2020-07-11,28,21.3,24.6,30.7,21.3,25.3,21.7,84.5,4.6,100,37.5,rain,0,0,12.8,8.1,272.1,1014.3,66.1,6.2,118.6,10.2,5,,2020-07-11T06:17:12,2020-07-11T18:54:05,0.7,"Rain, Partially cloudy",Partly cloudy throughout the day with a chance of rain throughout the day.,rain,"65125099999,DNAA,remote,65112599999"
abuja,2020-07-12,28,22.9,25.4,31.3,22.9,26.4,22.9,86.5,6.1,100,50,rain,0,0,11.6,9.2,272.2,1014.4,65,6.2,118.4,10.2,6,,2020-07-12T06:17:26,2020-07-12T18:54:06,0.73,"Rain, Partially cloudy",Partly cloudy throughout the day with a chance of rain throughout the day.,rain,"65125099999,DNAA,remote,65112599999"
abuja,2020-07-13,28,23,25,31.3,23,25.6,22.6,87.1,2.4,100,8.33,rain,0,0,17.4,106,229.2,1013.3,64.7,6.3,205.2,17.5,7,,2020-07-13T06:17:40,2020-07-13T18:54:06,0.75,"Rain, Partially cloudy",Partly cloudy throughout the day with rain.,rain,"65125099999,DNAA,remote,65112599999"
abuja,2020-07-14,27,22.5,24.7,29.6,22.5,25.2,22.3,87.3,7,100,4.17,rain,0,0,19,12.8,286.1,1013.3,68.3,6.2,129.8,11.1,5,,2020-07-14T06:17:53,2020-07-14T18:54:05,0.8,"Rain, Partially cloudy",Partly cloudy throughout the day with morning rain.,rain,"65125099999,DNAA,65112599999,remote"
abuja,2020-07-15,29,22,25.3,32.7,22,26.7,22.7,85.9,20.4,100,75,rain,0,0,17.9,8.6,261,1013.6,71.5,6.1,89,7.8,4,,2020-07-15T06:18:07,2020-07-15T18:54:04,0.83,"Rain, Partially cloudy",Partly cloudy throughout the day with a chance of rain throughout the day.,rain,"65125099999,DNAA,65112599999,remote"
abuja,2020-07-16,30,22,24.5,34.1,22,25.3,22,86.3,16.3,100,12.5,rain,0,0,13,10.3,268.5,1014.7,85,5.5,85.1,7.2,3,,2020-07-16T06:18:20,2020-07-16T18:54:02,0.86,"Rain, Partially cloudy",Partly cloudy throughout the day with a chance of rain throughout the day.,rain,"65125099999,DNAA,65112599999,remote"
abuja,2020-07-17,26,21.4,23.6,26,21.4,23.6,21.9,90.7,9,100,4.17,rain,0,0,16.1,12.8,265.4,1015.1,82.5,5.9,142.4,12.1,5,,2020-07-17T06:18:32,2020-07-17T18:53:59,0.89,"Rain, Partially cloudy",Partly cloudy throughout the day with afternoon rain.,rain,"65125099999,DNAA,remote,65112599999"
abuja,2020-07-18,28,22,25.1,31.3,22,26.1,22.1,84.2,1.9,100,41.67,rain,0,0,12.5,9.2,262.3,1014.4,67.7,6.2,149,12.8,5,,2020-07-18T06:18:45,2020-07-18T18:53:55,0.93,"Rain, Partially cloudy",Partly cloudy throughout the day with a chance of rain throughout the day.,rain,"65125099999,DNAA,remote,65112599999"
abuja,2020-07-19,28,23,25.2,31.2,23,25.7,22.5,85.5,6.6,100,50,rain,0,0,10.7,10.3,283.8,1013.6,59.5,6.1,107.5,9.5,4,,2020-07-19T06:18:57,2020-07-19T18:53:51,0.96,"Rain, Partially cloudy",Partly cloudy throughout the day with a chance of rain throughout the day.,rain,"65125099999,DNAA,65112599999,remote"
abuja,2020-07-20,29,22,24.3,32,22,24.6,22,87.5,2.6,100,33.33,rain,0,0,15.9,10.3,257.1,1013,71,6.2,213.7,18.4,8,,2020-07-20T06:19:09,2020-07-20T18:53:46,0,"Rain, Partially cloudy",Partly cloudy throughout the day with rain.,rain,"65125099999,DNAA,65112599999,remote"
abuja,2020-07-21,29.4,21.4,24.8,31.9,21.4,25.5,21.4,82.9,1.3,100,45.83,rain,0,0,12.8,6.9,184.8,1012.6,68.9,6.2,195.7,16.9,7,,2020-07-21T06:19:20,2020-07-21T18:53:40,0.03,"Rain, Partially cloudy",Partly cloudy throughout the day with a chance of rain throughout the day.,rain,"65125099999,DNAA,remote,65112599999"
abuja,2020-07-22,29.1,22,24.9,32.4,22,25.5,22.2,85.6,8.5,100,75,rain,0,0,12.5,4.7,207.8,1012.6,77.6,,174.4,15,8,,2020-07-22T06:19:31,2020-07-22T18:53:33,0.06,"Rain, Partially cloudy",Partly cloudy throughout the day with a chance of rain throughout the day.,rain,remote
abuja,2020-07-23,26.6,21.7,24,26.6,21.7,24,22.4,91.1,40,100,4.17,rain,0,0,13.6,12.8,259.9,1012.5,83.1,6.1,147.3,12.8,6,,2020-07-23T06:19:42,2020-07-23T18:53:25,0.1,"Rain, Partially cloudy",Partly cloudy throughout the day with afternoon rain.,rain,"65125099999,DNAA,remote,65112599999"
abuja,2020-07-24,27.2,22,24.6,29.6,22,24.9,22.6,88.8,4.6,100,41.67,rain,0,0,15.9,9.2,261.6,1012.6,91.6,6,185.6,16.1,7,,2020-07-24T06:19:53,2020-07-24T18:53:17,0.13,"Rain, Overcast",Cloudy skies throughout the day with a chance of rain throughout the day.,rain,"65125099999,DNAA,remote,65112599999"
abuja,2020-07-25,25.7,20.6,23.1,25.7,20.6,23.1,21.3,90.4,59,100,12.5,rain,0,0,14.5,8.1,231.5,1013.3,87.9,8.5,137.5,12,5,,2020-07-25T06:20:03,2020-07-25T18:53:07,0.17,"Rain, Partially cloudy",Partly cloudy throughout the day with a chance of rain throughout the day.,rain,"65125099999,DNAA,remote,65112599999"
abuja,2020-07-26,30,21.7,24.9,34.1,21.7,25.9,22.3,86.2,5.3,100,50,rain,0,0,14.1,15,257.5,1013.2,70.1,6.2,196.5,16.9,7,,2020-07-26T06:20:12,2020-07-26T18:52:57,0.21,"Rain, Partially cloudy",Partly cloudy throughout the day with rain.,rain,"65125099999,DNAA,remote,65112599999"
abuja,2020-07-27,28,22.1,24.7,31.3,22.1,25.2,22.3,86.6,0.3,100,4.17,rain,0,0,12.8,11.4,262.6,1013.3,91.2,6.2,142.8,12.4,5,,2020-07-27T06:20:22,2020-07-27T18:52:46,0.25,"Rain, Overcast",Cloudy skies throughout the day with afternoon rain.,rain,"65125099999,DNAA,remote,65112599999"
abuja,2020-07-28,28,22.2,24.7,30.2,22.2,25.3,21.8,84.4,3,100,75,rain,0,0,15.9,6.5,248.9,1013.2,78.3,6.2,184.5,16,6,,2020-07-28T06:20:31,2020-07-28T18:52:35,0.28,"Rain, Partially cloudy",Partly cloudy throughout the day with a chance of rain throughout the day.,rain,"65125099999,DNAA,remote,65112599999"
abuja,2020-07-29,29,23.3,25.9,32.7,23.3,26.9,22.8,83.6,2.7,100,50,rain,0,0,15.9,13.9,288.9,1014,69.2,6.1,206.9,17.7,7,,2020-07-29T06:20:39,2020-07-29T18:52:22,0.31,"Rain, Partially cloudy",Partly cloudy throughout the day with a chance of rain throughout the day.,rain,"65125099999,DNAA,65112599999,remote"
abuja,2020-07-30,28,21.8,25.3,31.3,21.8,26.2,22.6,85.9,2.3,100,54.17,rain,0,0,17,12.8,278.7,1013.7,68.3,6.2,196.4,17.2,8,,2020-07-30T06:20:47,2020-07-30T18:52:09,0.35,"Rain, Partially cloudy",Partly cloudy throughout the day with a chance of rain throughout the day.,rain,"65125099999,DNAA,65112599999,remote"
abuja,2020-07-31,27,21.2,24,30.1,21.2,24.3,21.6,86.7,2,100,4.17,rain,0,0,17.4,8.1,216.2,1014.2,84.4,6.2,97.5,8.3,4,,2020-07-31T06:20:55,2020-07-31T18:51:55,0.38,"Rain, Partially cloudy",Partly cloudy throughout the day with early morning rain.,rain,"65125099999,DNAA,remote,65112599999"
abuja,2020-08-01,28,20.9,24.6,31.3,20.9,25.3,22.1,86.7,1.6,100,50,rain,0,0,15.9,6.3,244.4,1015.1,78.9,6.2,213.2,18.5,7,,2020-08-01T06:21:02,2020-08-01T18:51:40,0.42,"Rain, Partially cloudy",Partly cloudy throughout the day with a chance of rain throughout the day.,rain,"65125099999,DNAA,remote,65112599999"
abuja,2020-08-02,29,23,25.1,32.7,23,25.9,22.6,86.6,9.2,100,58.33,rain,0,0,22.8,11.4,275.4,1014.5,87,6.2,185.6,16.2,7,,2020-08-02T06:21:09,2020-08-02T18:51:24,0.46,"Rain, Partially cloudy",Partly cloudy throughout the day with a chance of rain throughout the day.,rain,"65125099999,DNAA,65112599999,remote"
abuja,2020-08-03,26.8,22.3,24.4,28.6,22.3,24.5,22,86.5,0.3,100,4.17,rain,0,0,21.9,10.3,284.7,1016,76.9,6.2,115.9,10.1,5,,2020-08-03T06:21:15,2020-08-03T18:51:08,0.5,"Rain, Partially cloudy",Partly cloudy throughout the day with morning rain.,rain,"65125099999,DNAA,remote,65112599999"
abuja,2020-08-04,29,21.8,24.8,31.4,21.8,25.3,21,80.9,0.3,100,12.5,rain,0,0,21.5,12.8,292,1016.3,68.3,5.6,219.6,19,7,,2020-08-04T06:21:21,2020-08-04T18:50:51,0.53,"Rain, Partially cloudy",Partly cloudy throughout the day with afternoon rain.,rain,"65125099999,DNAA,65112599999,remote"
abuja,2020-08-05,28,21.6,24.7,31.5,21.6,25.6,21.6,83.3,0.9,100,25,rain,0,0,23,12.8,273.5,1014.5,67.1,6.1,160,13.8,6,,2020-08-05T06:21:26,2020-08-05T18:50:33,0.56,"Rain, Partially cloudy",Partly cloudy throughout the day with a chance of rain throughout the day.,rain,"65125099999,DNAA,remote,65112599999"
abuja,2020-08-06,24,22,22.9,24,22,22.9,21.7,93,11,100,8.33,rain,0,0,22.8,8.7,233.5,1015,86,5.7,114.8,9.8,5,,2020-08-06T06:21:31,2020-08-06T18:50:14,0.59,"Rain, Partially cloudy",Partly cloudy throughout the day with rain.,rain,"65125099999,DNAA,remote,65112599999"
abuja,2020-08-07,27,22,24.1,29.2,22,24.4,21.1,83.7,0.6,100,25,rain,0,0,19.2,10.3,226.4,1016.2,62.1,6.2,173,15,6,,2020-08-07T06:21:36,2020-08-07T18:49:55,0.62,"Rain, Partially cloudy",Partly cloudy throughout the day with rain.,rain,"65125099999,DNAA,65112599999,remote"
abuja,2020-08-08,28,22,24.5,30.1,22,25,20.6,79.1,0.5,100,16.67,rain,0,0,17.2,8.1,260.7,1017.3,61.8,6.2,209.2,18,8,,2020-08-08T06:21:40,2020-08-08T18:49:35,0.66,"Rain, Partially cloudy",Partly cloudy throughout the day with rain in the morning and afternoon.,rain,"65125099999,DNAA,remote,65112599999"
abuja,2020-08-09,29,21,24.6,31.4,21,25.2,20.6,79.4,0,0,0,,0,0,17,7.9,285.4,1015.1,67.7,6.2,217,18.8,8,,2020-08-09T06:21:44,2020-08-09T18:49:14,0.69,Partially cloudy,Partly cloudy throughout the day.,partly-cloudy-day,"65125099999,DNAA,65112599999,remote"
abuja,2020-08-10,28,22.4,24.8,30.7,22.4,25.2,21,79.8,1.1,100,25,rain,0,0,20.1,10.3,251.9,1013.3,86.8,6.2,226.6,19.6,8,,2020-08-10T06:21:47,2020-08-10T18:48:52,0.72,"Rain, Partially cloudy",Partly cloudy throughout the day with rain.,rain,"65125099999,DNAA,65112599999,remote"
abuja,2020-08-11,28,22,25.1,30.1,22,25.6,20.5,76,1.2,100,16.67,rain,0,0,19.5,9.2,246.3,1015,62.8,6.2,179.6,15.4,6,,2020-08-11T06:21:50,2020-08-11T18:48:30,0.75,"Rain, Partially cloudy",Partly cloudy throughout the day with rain clearing later.,rain,"65125099999,DNAA,remote,65112599999"
abuja,2020-08-12,31,21,25.7,33.7,21,26.6,21,76.8,0,0,0,,0,0,11,8.1,305.5,1014.9,49.8,6.1,230.3,19.8,8,,2020-08-12T06:21:52,2020-08-12T18:48:07,0.78,Partially cloudy,Partly cloudy throughout the day.,partly-cloudy-day,"65125099999,DNAA,remote,65112599999"
abuja,2020-08-13,31.1,22,25.9,34.5,22,27.3,21.5,78.2,1.8,100,16.67,rain,0,0,16.6,11.4,296.7,1013.3,76.8,6,215.7,18.7,9,,2020-08-13T06:21:54,2020-08-13T18:47:43,0.82,"Rain, Partially cloudy",Partly cloudy throughout the day with rain.,rain,"65125099999,DNAA,remote,65112599999"
abuja,2020-08-14,25.1,22,23.7,25.1,22,23.7,22.1,91.1,16,100,4.17,rain,0,0,17,6.9,270.2,1012,80.7,6.1,61.3,5.1,2,,2020-08-14T06:21:56,2020-08-14T18:47:19,0.85,"Rain, Partially cloudy",Partly cloudy throughout the day with early morning rain.,rain,"65125099999,DNAA,65112599999,remote"
abuja,2020-08-15,29,21,24.8,32,21,25.7,21.3,82.2,0.5,100,4.17,rain,0,0,18.3,8.1,287.3,1012.9,58.2,6.1,190.1,16.4,7,,2020-08-15T06:21:57,2020-08-15T18:46:54,0.88,"Rain, Partially cloudy",Partly cloudy throughout the day with early morning rain.,rain,"65125099999,DNAA,65112599999,remote"
abuja,2020-08-16,30,21.2,25.9,34.1,21.2,26.9,21.1,76.3,0,0,0,,0,0,15.9,10.3,319.1,1011.5,48.5,6.2,238.5,20.7,8,,2020-08-16T06:21:58,2020-08-16T18:46:29,0.91,Partially cloudy,Partly cloudy throughout the day.,partly-cloudy-day,"65125099999,DNAA,remote,65112599999"
abuja,2020-08-17,32,24,27.5,37.9,24,29.8,23.2,78.4,0.6,100,20.83,rain,0,0,13.9,9.2,286.3,1011,59.9,6.1,243.8,21.1,8,,2020-08-17T06:21:58,2020-08-17T18:46:02,0.95,"Rain, Partially cloudy",Partly cloudy throughout the day with rain.,rain,"65125099999,DNAA,65112599999,remote"
abuja,2020-08-18,31,23,25.9,36.5,23,27.4,23.1,84.6,1,100,4.17,rain,0,0,14.5,10.3,306.6,1011.9,71.9,6.1,157.6,13.7,7,,2020-08-18T06:21:58,2020-08-18T18:45:36,0.98,"Rain, Partially cloudy",Partly cloudy throughout the day with afternoon rain.,rain,"65125099999,DNAA,65112599999,remote"
abuja,2020-08-19,32,23.2,27.2,36.7,23.2,29.8,23.4,80.5,2.7,100,25,rain,0,0,16.1,9.2,322.8,1010.5,52.8,6.1,230.4,19.8,8,,2020-08-19T06:21:57,2020-08-19T18:45:08,0,"Rain, Partially cloudy",Partly cloudy throughout the day with rain in the morning and afternoon.,rain,"65125099999,DNAA,remote,65112599999"
abuja,2020-08-20,29,23,25.5,32.8,23,26.8,23.2,87.8,17.4,100,12.5,rain,0,0,17.7,15,287.4,1010.1,73.8,5.8,206,17.7,7,,2020-08-20T06:21:56,2020-08-20T18:44:40,0.05,"Rain, Partially cloudy",Partly cloudy throughout the day with rain.,rain,"65125099999,DNAA,65112599999,remote"
abuja,2020-08-21,28,21.9,24.2,31.9,21.9,24.9,21.8,87.1,5.9,100,12.5,rain,0,0,14.1,10.3,238.5,1011.3,75.8,6.2,88.7,7.6,4,,2020-08-21T06:21:55,2020-08-21T18:44:12,0.08,"Rain, Partially cloudy",Partly cloudy throughout the day with rain.,rain,"65125099999,DNAA,65112599999,remote"
abuja,2020-08-22,29.4,22,25.1,33,22,26.1,22.2,84.8,4.8,100,8.33,rain,0,0,16.3,8.1,219.9,1013.1,73.4,6,192.8,16.6,8,,2020-08-22T06:21:54,2020-08-22T18:43:43,0.12,"Rain, Partially cloudy",Partly cloudy throughout the day with rain.,rain,"65125099999,DNAA,65112599999,remote"
abuja,2020-08-23,27,22.5,24.6,30,22.5,24.9,22.2,86.7,3.7,100,37.5,rain,0,0,19,10.3,273.2,1013.7,87.3,5.8,147.8,12.6,5,,2020-08-23T06:21:52,2020-08-23T18:43:13,0.15,"Rain, Partially cloudy",Partly cloudy throughout the day with rain.,rain,"65125099999,DNAA,65112599999,remote"
abuja,2020-08-24,24,22.3,23.1,24,22.3,23.1,22,93.5,5,100,4.17,rain,0,0,22.8,8.1,261.2,1012.7,80.6,5.8,55.4,4.9,3,,2020-08-24T06:21:49,2020-08-24T18:42:43,0.19,"Rain, Partially cloudy",Partly cloudy throughout the day with afternoon rain.,rain,"65125099999,DNAA,remote,65112599999"
abuja,2020-08-25,29.1,22,24.9,32.6,22,25.8,22.2,86.1,4.3,100,54.17,rain,0,0,16.1,8.1,230,1013.3,59,5.7,180.6,15.6,7,,2020-08-25T06:21:47,2020-08-25T18:42:13,0.25,"Rain, Partially cloudy",Partly cloudy throughout the day with a chance of rain throughout the day.,rain,"65125099999,DNAA,remote,65112599999"
abuja,2020-08-26,29,22.9,24.6,32.7,22.9,25.2,22.3,87.5,7,100,4.17,rain,0,0,13.6,10.3,301.6,1014,86,6.2,137.9,11.8,5,,2020-08-26T06:21:44,2020-08-26T18:41:42,0.26,"Rain, Partially cloudy",Partly cloudy throughout the day with late afternoon rain.,rain,"65125099999,DNAA,65112599999,remote"
abuja,2020-08-27,30.2,23,26,34.4,23,27.6,22.8,83.4,4.6,100,50,rain,0,0,15,9.2,287.4,1014,56.4,5.7,215.7,18.8,8,,2020-08-27T06:21:41,2020-08-27T18:41:10,0.3,"Rain, Partially cloudy",Partly cloudy throughout the day with rain.,rain,"65125099999,DNAA,65112599999,remote"
abuja,2020-08-28,32,23,24.2,34.8,23,24.3,22.3,89.5,13.5,100,70.83,rain,0,0,13,8.1,297.4,1013.6,74.6,6,77.1,6.6,4,,2020-08-28T06:21:37,2020-08-28T18:40:38,0.33,"Rain, Partially cloudy",Partly cloudy throughout the day with a chance of rain throughout the day.,rain,"65125099999,DNAA,remote,65112599999"
abuja,2020-08-29,27.1,22,23.7,29.6,22,23.9,22,90.2,24,100,8.33,rain,0,0,12.3,6.9,247,1013.4,75.7,4.8,82.9,7.3,3,,2020-08-29T06:21:33,2020-08-29T18:40:06,0.37,"Rain, Partially cloudy",Partly cloudy throughout the day with rain in the morning and afternoon.,rain,"65125099999,DNAA,65112599999,remote"
abuja,2020-08-30,29.1,21.7,24.6,33.8,21.7,25.4,22.6,88.9,6.7,100,62.5,rain,0,0,12.8,9.2,279.7,1013.2,79,5.2,99.5,8.7,4,,2020-08-30T06:21:29,2020-08-30T18:39:33,0.4,"Rain, Partially cloudy",Partly cloudy throughout the day with a chance of rain throughout the day.,rain,"65125099999,DNAA,remote,65112599999"
abuja,2020-08-31,29,22.3,24.7,32.7,22.3,25.2,22,85.6,5.1,100,66.67,rain,0,0,14.5,9.2,298.6,1013.6,75.3,6.1,177.5,15.3,7,,2020-08-31T06:21:25,2020-08-31T18:39:00,0.44,"Rain, Partially cloudy",Partly cloudy throughout the day with a chance of rain throughout the day.,rain,"65125099999,DNAA,65112599999,remote"
abuja,2020-09-01,25,21,23.2,25,21,23.2,21.3,89,6,100,4.17,rain,0,0,13.2,5.8,256.9,1012.7,72.3,5.9,95.1,8.3,4,,2020-09-01T06:21:20,2020-09-01T18:38:27,0.47,"Rain, Partially cloudy",Partly cloudy throughout the day with morning rain.,rain,"65125099999,DNAA,65112599999,remote"
abuja,2020-09-02,26.8,22.1,24.4,28.8,22.1,24.5,21.5,84.5,7,100,4.17,rain,0,0,13.9,4.7,239.6,1011.5,77.8,6.2,111.8,9.7,4,,2020-09-02T06:21:15,2020-09-02T18:37:53,0.5,"Rain, Partially cloudy",Partly cloudy throughout the day with early morning rain.,rain,"65125099999,DNAA,65112599999,remote"
abuja,2020-09-03,28.8,21.9,24.6,31.6,21.9,25.2,21.7,84.3,1.2,100,33.33,rain,0,0,12.3,4.3,193,1012.7,95,,157.1,13.5,6,,2020-09-03T06:21:10,2020-09-03T18:37:19,0.54,"Rain, Overcast",Cloudy skies throughout the day with a chance of rain throughout the day.,rain,remote
abuja,2020-09-04,26.2,22,23.6,26.2,22,23.6,21.5,88.3,2,100,4.17,rain,0,0,17.2,8.1,295,1014.9,94.8,5.6,136.5,11.8,5,,2020-09-04T06:21:05,2020-09-04T18:36:45,0.57,"Rain, Overcast",Cloudy skies throughout the day with afternoon rain.,rain,"65125099999,remote"
abuja,2020-09-05,26.5,21.9,23.5,26.5,21.9,23.5,21.9,90.9,2,100,4.17,rain,0,0,22.1,13.9,258.6,1013.7,94.9,5.8,111.1,9.6,5,,2020-09-05T06:20:59,2020-09-05T18:36:10,0.61,"Rain, Overcast",Cloudy skies throughout the day with afternoon rain.,rain,"65125099999,remote"
abuja,2020-09-06,28.4,21.8,24.7,30.7,21.8,25.2,21.5,83.6,20,100,8.33,rain,0,0,19,6.9,282.3,1012.2,90.9,6.2,175.5,15.1,7,,2020-09-06T06:20:54,2020-09-06T18:35:35,0.64,"Rain, Overcast",Cloudy skies throughout the day with rain in the morning and afternoon.,rain,"65125099999,remote"
abuja,2020-09-07,30,21.7,24.7,33.3,21.7,25.5,21.6,84.5,6.1,100,45.83,rain,0,0,16.1,11.4,353.3,1011.5,72.4,6.1,216.3,18.6,8,,2020-09-07T06:20:48,2020-09-07T18:35:00,0.67,"Rain, Partially cloudy",Partly cloudy throughout the day with rain.,rain,"65125099999,DNAA,remote,65112599999"
abuja,2020-09-08,27,22,24.4,30.6,22,24.8,22.7,90.7,12,100,8.33,rain,0,0,17.2,10.3,288.8,1011.6,69.1,5.8,205.1,17.7,9,,2020-09-08T06:20:42,2020-09-08T18:34:25,0.7,"Rain, Partially cloudy",Partly cloudy throughout the day with rain.,rain,"65125099999,DNAA,65112599999,remote"
abuja,2020-09-09,29,22.8,24.7,32.7,22.8,25.4,22.1,85.7,13,100,12.5,rain,0,0,23.3,13.9,146.7,1013.3,75,6.2,142.1,12.3,6,,2020-09-09T06:20:36,2020-09-09T18:33:49,0.74,"Rain, Partially cloudy",Partly cloudy throughout the day with rain.,rain,"65125099999,DNAA,remote,65112599999"
abuja,2020-09-10,28,22.7,25.2,31.3,22.7,26,22.1,83.7,0.3,100,4.17,rain,0,0,16.3,9.2,255.6,1013.8,67.1,5.9,220.3,18.9,8,,2020-09-10T06:20:30,2020-09-10T18:33:14,0.75,"Rain, Partially cloudy",Partly cloudy throughout the day with afternoon rain.,rain,"65125099999,DNAA,65112599999,remote"
abuja,2020-09-11,29,21,25.3,32.8,21,26.7,21.9,81.6,0.4,100,16.67,rain,0,0,15.4,9.2,271.9,1012,71.1,6.2,232.5,20.1,8,,2020-09-11T06:20:23,2020-09-11T18:32:38,0.8,"Rain, Partially cloudy",Partly cloudy throughout the day with rain.,rain,"65125099999,DNAA,remote,65112599999"
abuja,2020-09-12,28,22,25.2,31.9,22,25.9,22.5,85.4,11.8,100,37.5,rain,0,0,14.3,8.1,236.4,1012.9,71,6.2,188.7,16.4,7,,2020-09-12T06:20:17,2020-09-12T18:32:02,0.84,"Rain, Partially cloudy",Partly cloudy throughout the day with rain.,rain,"65125099999,DNAA,65112599999,remote"
abuja,2020-09-13,27,21,24,29.6,21,24.3,21.8,87.7,27.1,100,12.5,rain,0,0,16.1,9.2,242.6,1014.5,80,5.6,124.4,10.7,5,,2020-09-13T06:20:10,2020-09-13T18:31:26,0.87,"Rain, Partially cloudy",Partly cloudy throughout the day with a chance of rain throughout the day.,rain,"65125099999,DNAA,65112599999,remote"
abuja,2020-09-14,30.2,23,25.8,34.2,23,27.1,23,85.3,5.3,100,58.33,rain,0,0,12.8,6.9,197.8,1014.4,64.5,6.1,184.9,15.9,8,,2020-09-14T06:20:04,2020-09-14T18:30:50,0.9,"Rain, Partially cloudy",Partly cloudy throughout the day with a chance of rain throughout the day.,rain,"65125099999,DNAA,65112599999,remote"
abuja,2020-09-15,27,21,23.8,29.6,21,23.9,21.8,88.9,18,100,12.5,rain,0,0,12.8,10.3,265,1012.8,76.3,6.1,105.6,9.1,4,,2020-09-15T06:19:57,2020-09-15T18:30:13,0.93,"Rain, Partially cloudy",Partly cloudy throughout the day with rain.,rain,"65125099999,DNAA,65112599999,remote"
abuja,2020-09-16,29,22.6,25.2,33.6,22.6,26.3,22.3,84.2,2.5,100,33.33,rain,0,0,22.4,80.5,145.4,1012.4,65.3,6.2,190,16.4,7,,2020-09-16T06:19:51,2020-09-16T18:29:37,0.97,"Rain, Partially cloudy",Partly cloudy throughout the day with rain.,rain,"65125099999,DNAA,65112599999,remote"
abuja,2020-09-17,29,22.4,25.3,32.8,22.4,26.3,22.4,84.3,1.2,100,33.33,rain,0,0,13,10.3,223.5,1014,61.5,6.2,167,14.3,6,,2020-09-17T06:19:44,2020-09-17T18:29:01,0,"Rain, Partially cloudy",Partly cloudy throughout the day with rain.,rain,"65125099999,DNAA,65112599999,remote"
abuja,2020-09-18,29.2,21,24.7,32.7,21,25.3,22.3,86.7,10,100,4.17,rain,0,0,17.4,10.3,342.3,1014.2,43.5,5.8,254.2,22,9,,2020-09-18T06:19:38,2020-09-18T18:28:25,0.03,"Rain, Partially cloudy",Partly cloudy throughout the day with afternoon rain.,rain,"65125099999,DNAA,65112599999,remote"
abuja,2020-09-19,32,21,24.6,36.8,21,25.6,21.8,85.5,12,100,4.17,rain,0,0,17.2,25.3,128.6,1013.1,55.8,5.8,222.6,19.2,8,,2020-09-19T06:19:31,2020-09-19T18:27:48,0.07,"Rain, Partially cloudy",Partly cloudy throughout the day with late afternoon rain.,rain,"65125099999,DNAA,65112599999,remote"
abuja,2020-09-20,28,21,24.4,30.7,21,25.2,21.8,85.7,40.5,100,8.33,rain,0,0,15.4,15,119.3,1013.8,59.1,6.2,83.4,7.2,4,,2020-09-20T06:19:25,2020-09-20T18:27:12,0.1,"Rain, Partially cloudy",Partly cloudy throughout the day with rain in the morning and afternoon.,rain,"65125099999,DNAA,remote,65112599999"
abuja,2020-09-21,26,22,23.2,26,22,23.2,22,93.1,6,100,8.33,rain,0,0,12.8,10.3,129.6,1014.2,66.3,5.1,176,14.9,6,,2020-09-21T06:19:19,2020-09-21T18:26:36,0.14,"Rain, Partially cloudy",Partly cloudy throughout the day with rain.,rain,"65125099999,DNAA,65112599999,remote"
abuja,2020-09-22,30.4,21,25.2,34.5,21,26.3,22.1,84.1,30,100,4.17,rain,0,0,16.6,10.3,189.5,1014.2,69.8,4.9,221.4,19.1,9,,2020-09-22T06:19:12,2020-09-22T18:26:00,0.17,"Rain, Partially cloudy",Partly cloudy throughout the day with early morning rain.,rain,"65125099999,DNAA,65112599999,remote"
abuja,2020-09-23,30.9,22.5,25.2,36.5,22.5,26.2,22.6,86.4,10,100,4.17,rain,0,0,15,10.3,222.1,1014.4,68.7,5.9,231.9,20.1,9,,2020-09-23T06:19:06,2020-09-23T18:25:24,0.21,"Rain, Partially cloudy",Partly cloudy throughout the day with late afternoon rain.,rain,"65125099999,DNAA,65112599999,remote"
abuja,2020-09-24,29,21.4,24.8,33.6,21.4,26,21.9,84.9,5,100,4.17,rain,0,0,13.6,10.3,281.9,1014.8,69.7,6.1,207.4,17.9,9,,2020-09-24T06:19:00,2020-09-24T18:24:48,0.25,"Rain, Partially cloudy",Partly cloudy throughout the day with morning rain.,rain,"65125099999,DNAA,remote,65112599999"
abuja,2020-09-25,30,22.7,25.8,35.1,22.7,27.3,22.2,81.1,0.5,100,12.5,rain,0,0,15.4,10.3,290.1,1014.3,53.9,6.2,216.7,18.6,7,,2020-09-25T06:18:54,2020-09-25T18:24:12,0.28,"Rain, Partially cloudy",Partly cloudy throughout the day with rain.,rain,"65125099999,DNAA,remote,65112599999"
abuja,2020-09-26,27,21,24,29.2,21,24,21.5,86.4,3,100,4.17,rain,0,0,10.7,19.7,314,1013,50.2,5.7,108,9.5,5,,2020-09-26T06:18:48,2020-09-26T18:23:37,0.31,"Rain, Partially cloudy",Clearing in the afternoon with afternoon rain.,rain,"65125099999,DNAA,65112599999"
abuja,2020-09-27,31,22,25.2,35.5,22,26.3,22.1,83.9,11,100,8.33,rain,0,0,11.6,11.4,267.3,1012.2,76.7,6.2,171.6,14.9,6,,2020-09-27T06:18:43,2020-09-27T18:23:02,0.35,"Rain, Partially cloudy",Partly cloudy throughout the day with rain.,rain,"65125099999,DNAA,65112599999,remote"
abuja,2020-09-28,28,21,23.2,31.9,21,23.8,21.7,91.6,8.1,100,8.33,rain,0,0,15.2,8.1,217.5,1012.5,58.9,5.9,199.8,17.2,8,,2020-09-28T06:18:38,2020-09-28T18:22:27,0.38,"Rain, Partially cloudy",Partly cloudy throughout the day with rain in the morning and afternoon.,rain,"65125099999,DNAA,remote,65112599999"
abuja,2020-09-29,25,21,22.4,25,21,22.4,21.4,94.7,44.9,100,8.33,rain,0,0,15.9,8.1,113.9,1013.6,76.1,4.6,116.6,10.1,5,,2020-09-29T06:18:33,2020-09-29T18:21:52,0.42,"Rain, Partially cloudy",Partly cloudy throughout the day with rain.,rain,"65125099999,DNAA,remote,65112599999"
abuja,2020-09-30,27,21.3,23.7,30.1,21.3,23.8,22.1,91,0.1,100,4.17,rain,0,0,15.4,13.9,185.2,1013.7,68.9,5.9,47.8,4.1,2,,2020-09-30T06:18:28,2020-09-30T18:21:17,0.45,"Rain, Partially cloudy",Partly cloudy throughout the day with afternoon rain.,rain,"65125099999,DNAA,65112599999,remote"
abuja,2020-10-01,29,21.7,25,34.5,21.7,26.1,22.6,87.6,0.4,100,16.67,rain,0,0,14.5,9.2,277.7,1012.8,73.9,6.2,167,14.2,6,,2020-10-01T06:18:23,2020-10-01T18:20:43,0.5,"Rain, Partially cloudy",Partly cloudy throughout the day with rain in the morning and afternoon.,rain,"65125099999,DNAA,65112599999"
abuja,2020-10-02,31,21.6,25.6,35.5,21.6,26.6,21.7,80.1,2,100,4.17,rain,0,0,23.3,10.3,73.6,1011.5,62.4,6.2,223.8,19.3,8,,2020-10-02T06:18:19,2020-10-02T18:20:09,0.52,"Rain, Partially cloudy",Partly cloudy throughout the day with afternoon rain.,rain,"65125099999,DNAA,65112599999,remote"
abuja,2020-10-03,29.9,22,25.4,33.6,22,26.3,21.6,80.3,2.1,100,25,rain,0,0,20.8,11.4,115.2,1012.3,69.1,6.3,233.8,20.1,8,,2020-10-03T06:18:15,2020-10-03T18:19:35,0.55,"Rain, Partially cloudy",Partly cloudy throughout the day with rain.,rain,"65125099999,DNAA,remote,65112599999"
abuja,2020-10-04,31.1,22,26,35.7,22,27.6,22.1,80.4,1.2,100,29.17,rain,0,0,15.7,8.1,279.1,1012.8,43.5,6.4,237.6,20.7,8,,2020-10-04T06:18:11,2020-10-04T18:19:02,0.59,"Rain, Partially cloudy",Partly cloudy throughout the day with rain in the morning and afternoon.,rain,"65125099999,DNAA,remote,65112599999"
abuja,2020-10-05,31,21.9,25.7,35.5,21.9,27.2,22.3,82.5,2,100,4.17,rain,0,0,17.7,15,120.6,1013.6,70.1,6.1,205.6,17.8,8,,2020-10-05T06:18:07,2020-10-05T18:18:29,0.62,"Rain, Partially cloudy",Partly cloudy throughout the day with morning rain.,rain,"65125099999,DNAA,remote,65112599999"
abuja,2020-10-06,31,21,24.6,40.6,21,25.8,22.8,90.4,28,100,4.17,rain,0,0,20.8,16.1,239.3,1013.2,76.6,5.5,152.7,12.9,5,,2020-10-06T06:18:04,2020-10-06T18:17:57,0.65,"Rain, Partially cloudy",Partly cloudy throughout the day with late afternoon rain.,rain,"65125099999,DNAA,remote,65112599999"
abuja,2020-10-07,28,21,24.4,30.7,21,24.8,21.5,85.1,0.2,100,8.33,rain,0,0,14.3,7.7,177.7,1013.7,61.5,6.1,146.9,12.8,5,,2020-10-07T06:18:02,2020-10-07T18:17:25,0.69,"Rain, Partially cloudy",Partly cloudy throughout the day with rain.,rain,"65125099999,DNAA,65112599999,remote"
abuja,2020-10-08,31,22,24.6,34.5,22,25.3,22,86.7,5,100,4.17,rain,0,0,13.6,15,219,1013.8,49,6,234.6,20.3,9,,2020-10-08T06:17:59,2020-10-08T18:16:53,0.72,"Rain, Partially cloudy",Partly cloudy throughout the day with late afternoon rain.,rain,"65125099999,DNAA,65112599999,remote"
abuja,2020-10-09,30,21.7,25.4,33.3,21.7,26.5,22.4,84.5,2.4,100,58.33,rain,0,0,12.3,5.8,223.5,1013.9,57.8,6.2,145.6,12.6,6,,2020-10-09T06:17:57,2020-10-09T18:16:22,0.75,"Rain, Partially cloudy",Partly cloudy throughout the day with a chance of rain throughout the day.,rain,"65125099999,DNAA,65112599999,remote"
abuja,2020-10-10,30,21,25.2,32.5,21,26.1,21.3,80.3,6.4,100,8.33,rain,0,0,17.7,16.1,95.8,1014.3,52.4,6.2,125.4,10.9,4,,2020-10-10T06:17:56,2020-10-10T18:15:52,0.75,"Rain, Partially cloudy",Partly cloudy throughout the day with rain in the morning and afternoon.,rain,"65125099999,DNAA,65112599999,remote"
abuja,2020-10-11,31,21.8,25.9,36.5,21.8,27.7,22,79.5,4.3,100,12.5,rain,0,0,17,9.2,274.1,1014.1,64.1,6.2,218,18.8,7,,2020-10-11T06:17:55,2020-10-11T18:15:22,0.82,"Rain, Partially cloudy",Partly cloudy throughout the day with rain.,rain,"65125099999,DNAA,remote,65112599999"
abuja,2020-10-12,30.5,22,25.7,34.2,22,27.1,21.7,79.9,9,100,4.17,rain,0,0,15.9,9.2,288.4,1012.4,46.8,6.1,244.3,21,9,,2020-10-12T06:17:54,2020-10-12T18:14:52,0.85,"Rain, Partially cloudy",Partly cloudy throughout the day with early morning rain.,rain,"65125099999,DNAA,65112599999,remote"
abuja,2020-10-13,31,22,25.5,36.5,22,27.2,22.6,85.1,2.3,100,8.33,rain,0,0,14.3,9.2,7.2,1012.7,48.3,6.2,241.1,20.7,9,,2020-10-13T06:17:54,2020-10-13T18:14:23,0.89,"Rain, Partially cloudy",Partly cloudy throughout the day with rain.,rain,"65125099999,DNAA,65112599999,remote"
abuja,2020-10-14,30,21,24,35.1,21,24.8,21.5,86.9,17,100,4.17,rain,0,0,16.3,13.9,103.1,1013.7,62.8,6,221.3,19.2,8,,2020-10-14T06:17:54,2020-10-14T18:13:55,0.92,"Rain, Partially cloudy",Partly cloudy throughout the day with late afternoon rain.,rain,"65125099999,DNAA,remote,65112599999"
abuja,2020-10-15,31,20,25.1,36.4,20,26.7,21.8,83.1,0.6,100,16.67,rain,0,0,12.8,10.3,253.9,1014,55.6,5.9,203.6,17.7,7,,2020-10-15T06:17:55,2020-10-15T18:13:27,0.95,"Rain, Partially cloudy",Partly cloudy throughout the day with a chance of rain throughout the day.,rain,"65125099999,DNAA,65112599999,remote"
abuja,2020-10-16,30,21,25.1,34.1,21,26.5,21.9,83.1,20,100,4.17,rain,0,0,20.4,8.1,214.7,1013.1,49.7,6.1,196.8,16.9,7,,2020-10-16T06:17:56,2020-10-16T18:13:00,0,"Rain, Partially cloudy",Partly cloudy throughout the day with morning rain.,rain,"65125099999,DNAA,remote,65112599999"
abuja,2020-10-17,30,23,26,34.1,23,27.2,22.2,80.3,0.2,100,8.33,rain,0,0,15.2,11.4,121.5,1013.2,65.7,6.2,184.2,16,7,,2020-10-17T06:17:58,2020-10-17T18:12:34,0.02,"Rain, Partially cloudy",Partly cloudy throughout the day with rain.,rain,"65125099999,DNAA,65112599999,remote"
abuja,2020-10-18,32,22.1,26.3,37.8,22.1,28.3,22.9,82.9,0.4,100,4.17,rain,0,0,22.1,15,255.1,1012.1,71.1,6.1,251.2,21.6,9,,2020-10-18T06:18:00,2020-10-18T18:12:08,0.06,"Rain, Partially cloudy",Partly cloudy throughout the day with late afternoon rain.,rain,"65125099999,DNAA,65112599999,remote"
abuja,2020-10-19,30,21,25.3,35.1,21,26.8,22.2,83.6,5,100,8.33,rain,0,0,18.1,9.2,347.9,1012.2,55.1,6.3,239.7,20.8,8,,2020-10-19T06:18:03,2020-10-19T18:11:43,0.09,"Rain, Partially cloudy",Partly cloudy throughout the day with rain.,rain,"65125099999,DNAA,remote,65112599999"
abuja,2020-10-20,32,20,25.5,39.2,20,27.4,21.8,81.1,0.3,100,8.33,rain,0,0,15.7,32.2,6.8,1012.4,40.8,6,264.8,22.8,9,,2020-10-20T06:18:07,2020-10-20T18:11:18,0.12,"Rain, Partially cloudy",Partly cloudy throughout the day with rain.,rain,"65125099999,DNAA,65112599999,remote"
abuja,2020-10-21,32,22,25.2,37.9,22,26.7,22,83.4,5,100,4.17,rain,0,0,13.4,10.3,329.8,1012.8,56.5,6.1,262.2,22.8,9,,2020-10-21T06:18:11,2020-10-21T18:10:55,0.16,"Rain, Partially cloudy",Partly cloudy throughout the day with late afternoon rain.,rain,"65125099999,DNAA,65112599999,remote"
abuja,2020-10-22,32.1,21,26.7,37.9,21,29.3,22.8,80.5,0,0,0,,0,0,11.6,11.4,205.1,1012.7,58.7,6.2,270.6,23.3,10,,2020-10-22T06:18:16,2020-10-22T18:10:32,0.19,Partially cloudy,Partly cloudy throughout the day.,partly-cloudy-day,"65125099999,DNAA,remote,65112599999"
abuja,2020-10-23,32,23,27.6,37.9,23,30.2,23.6,80.1,0,0,0,,0,0,9.8,8.1,251.1,1012.9,43.2,6.1,276,23.8,10,,2020-10-23T06:18:21,2020-10-23T18:10:10,0.25,Partially cloudy,Partly cloudy throughout the day.,partly-cloudy-day,"65125099999,DNAA,65112599999,remote"
abuja,2020-10-24,31,23,27.3,36.5,23,29.8,23.6,80.9,0,0,0,,0,0,12.1,6.9,242.7,1012.3,66.9,6.2,237.3,20.5,8,,2020-10-24T06:18:27,2020-10-24T18:09:48,0.26,Partially cloudy,Partly cloudy throughout the day.,partly-cloudy-day,"65125099999,DNAA,65112599999,remote"
abuja,2020-10-25,33.4,24,28,38.9,24,30.7,23.6,78.3,0,0,0,,0,0,17,13.4,238.2,1011.5,54.5,6.1,210.1,18.2,9,,2020-10-25T06:18:33,2020-10-25T18:09:28,0.29,Partially cloudy,Partly cloudy throughout the day.,partly-cloudy-day,"65125099999,DNAA,65112599999,remote"
abuja,2020-10-26,33,23.7,27.9,37,23.7,29.6,22.6,75.2,0.2,100,8.33,rain,0,0,20.4,6.9,138.6,1011.3,65.3,6.2,235.5,20.4,9,,2020-10-26T06:18:41,2020-10-26T18:09:08,0.33,"Rain, Partially cloudy",Partly cloudy throughout the day with rain in the morning and afternoon.,rain,"65125099999,DNAA,remote,65112599999"
abuja,2020-10-27,33.1,23,27.7,35.8,23,29.2,22.1,74.3,0,0,0,,0,0,19,10.3,124.9,1011.3,82.1,6.2,253,21.9,9,,2020-10-27T06:18:49,2020-10-27T18:08:50,0.36,Partially cloudy,Partly cloudy throughout the day.,partly-cloudy-day,"65125099999,DNAA,65112599999,remote"
abuja,2020-10-28,34,22,27.9,37.4,22,29.1,21,69.8,0,0,0,,0,0,13.4,8.1,97.8,1011.4,46.2,6,270.8,23.3,9,,2020-10-28T06:18:57,2020-10-28T18:08:32,0.39,Partially cloudy,Partly cloudy throughout the day.,partly-cloudy-day,"65125099999,DNAA,65112599999,remote"
abuja,2020-10-29,33,23,28,38.1,23,30.2,21.7,70,0,0,0,,0,0,15.9,6.9,277.4,1012.1,31.5,6.2,256.6,22.2,9,,2020-10-29T06:19:06,2020-10-29T18:08:15,0.43,Partially cloudy,Partly cloudy throughout the day.,partly-cloudy-day,"65125099999,DNAA,remote,65112599999"
abuja,2020-10-30,35.1,23,28.5,39.5,23,30.5,21.8,70,0,0,0,,0,0,16.1,10.3,45,1011.9,39.8,6.2,275.7,23.9,10,,2020-10-30T06:19:16,2020-10-30T18:07:58,0.46,Partially cloudy,Partly cloudy throughout the day.,partly-cloudy-day,"65125099999,DNAA,65112599999,remote"
abuja,2020-10-31,35.1,23,28.3,35.8,23,29.2,20.9,68.7,0,0,0,,0,0,15.9,11.4,91.5,1011.7,46.5,6.2,275.9,23.8,10,,2020-10-31T06:19:27,2020-10-31T18:07:43,0.5,Partially cloudy,Partly cloudy throughout the day.,partly-cloudy-day,"65125099999,DNAA,remote,65112599999"
abuja,2020-11-01,35,21,27.8,35.7,21,27.8,18,60.1,0,0,0,,0,0,16.8,8.1,76.2,1011,55.1,6.2,278.4,24,10,,2020-11-01T06:19:38,2020-11-01T18:07:29,0.53,Partially cloudy,Partly cloudy throughout the day.,partly-cloudy-day,"65125099999,DNAA,65112599999,remote"
abuja,2020-11-02,32.1,21.3,26.9,34.3,21.3,27.6,18.7,62.4,0,0,0,,0,0,9.4,8.1,339.6,1012.2,68.5,5.6,211.2,18.4,8,,2020-11-02T06:19:50,2020-11-02T18:07:16,0.56,Partially cloudy,Partly cloudy throughout the day.,partly-cloudy-day,"65125099999,DNAA,65112599999,remote"
abuja,2020-11-03,35,20.2,27.5,35.7,20.2,27.6,17.7,59.8,0,0,0,,0,0,19.7,15,82.4,1012.7,72.1,6.1,268.6,23.3,9,,2020-11-03T06:20:02,2020-11-03T18:07:03,0.6,Partially cloudy,Partly cloudy throughout the day.,partly-cloudy-day,"65125099999,DNAA,65112599999,remote"
abuja,2020-11-04,35,23,27.9,34.7,23,27.9,17.1,55.3,0,0,0,,0,0,19.7,15,81.5,1012.4,85.6,6.1,263.3,22.8,9,,2020-11-04T06:20:16,2020-11-04T18:06:52,0.63,Partially cloudy,Partly cloudy throughout the day.,partly-cloudy-day,"65125099999,DNAA,65112599999,remote"
abuja,2020-11-05,34,21,26.7,34.1,21,27,18.3,63.1,0,0,0,,0,0,13.6,9.2,88.7,1012.4,29,5.1,230.8,19.8,8,,2020-11-05T06:20:30,2020-11-05T18:06:41,0.67,Partially cloudy,Clearing in the afternoon.,partly-cloudy-day,"65125099999,DNAA,remote,65112599999"
abuja,2020-11-06,36,18,27.5,35.4,18,27.2,15.4,54.1,0,0,0,,0,0,18.8,13.9,69,1012.6,42,5.7,273,23.5,10,,2020-11-06T06:20:44,2020-11-06T18:06:32,0.7,Partially cloudy,Partly cloudy throughout the day.,partly-cloudy-day,"65125099999,DNAA,65112599999,remote"
abuja,2020-11-07,35,18,27,39.2,18,27.3,16.6,56.3,0,0,0,,0,0,13.6,8.1,133.9,1013.8,78.6,6.2,264.5,23,9,,2020-11-07T06:21:00,2020-11-07T18:06:24,0.73,Partially cloudy,Partly cloudy throughout the day.,partly-cloudy-day,"65125099999,DNAA,65112599999,remote"
abuja,2020-11-08,34,20,27.4,35.8,20,28.3,19.4,64.4,0,0,0,,0,0,11.6,9.2,184.8,1014.6,61.1,6.2,245,21.1,9,,2020-11-08T06:21:16,2020-11-08T18:06:16,0.75,Partially cloudy,Partly cloudy throughout the day.,partly-cloudy-day,"65125099999,DNAA,65112599999,remote"
abuja,2020-11-09,34,22,27.9,35.5,22,28.5,19,62.1,0,0,0,,0,0,12.3,9.2,91.4,1014.2,46.1,6.2,245.3,21.3,9,,2020-11-09T06:21:33,2020-11-09T18:06:10,0.8,Partially cloudy,Partly cloudy throughout the day.,partly-cloudy-day,"65125099999,DNAA,65112599999,remote"
abuja,2020-11-10,34,22,27.6,36.1,22,28.5,20,66.2,0,0,0,,0,0,13.6,10.3,140.4,1013.1,45,6.2,222.7,19.1,9,,2020-11-10T06:21:50,2020-11-10T18:06:04,0.84,Partially cloudy,Partly cloudy throughout the day.,partly-cloudy-day,"65125099999,DNAA,remote,65112599999"
abuja,2020-11-11,35,21.6,27.9,36.3,21.6,28.1,17.8,58.2,0,0,0,,0,0,13,9.2,102.2,1012.6,49.5,5.8,243.7,21,9,,2020-11-11T06:22:08,2020-11-11T18:06:00,0.87,Partially cloudy,Partly cloudy throughout the day.,partly-cloudy-day,"65125099999,DNAA,65112599999,remote"
abuja,2020-11-12,35,22,27.4,34.7,22,27.3,16.3,53.5,0,0,0,,0,0,15.7,10.3,33.6,1012.6,61.8,6.2,247,21.5,8,,2020-11-12T06:22:27,2020-11-12T18:05:57,0.91,Partially cloudy,Partly cloudy throughout the day.,partly-cloudy-day,"65125099999,DNAA,65112599999,remote"
abuja,2020-11-13,36,22,28.4,35.8,22,28.3,15.9,50.3,0,0,0,,0,0,17.4,10.3,89.7,1012.7,80.9,6.2,263.7,22.9,9,,2020-11-13T06:22:47,2020-11-13T18:05:55,0.94,Partially cloudy,Partly cloudy throughout the day.,partly-cloudy-day,"65125099999,DNAA,65112599999,remote"
abuja,2020-11-14,36,21,28.3,35.9,21,28.1,15.7,50.4,0,0,0,,0,0,18.6,18.3,88.1,1012.3,78,6,253.6,21.7,9,,2020-11-14T06:23:07,2020-11-14T18:05:53,0.97,Partially cloudy,Partly cloudy throughout the day.,partly-cloudy-day,"65125099999,DNAA,65112599999,remote"
abuja,2020-11-15,36,20.2,28.3,35.8,20.2,28.1,15.4,49.4,0,0,0,,0,0,20.4,21.9,86.1,1011.6,51.5,6.2,269.4,23.2,9,,2020-11-15T06:23:28,2020-11-15T18:05:53,0,Partially cloudy,Partly cloudy throughout the day.,partly-cloudy-day,"65125099999,DNAA,remote,65112599999"
abuja,2020-11-16,35.1,19.1,27.8,33.9,19.1,27.2,13.4,45.4,0,0,0,,0,0,18.6,10.3,84.9,1011.7,40.7,5.7,274.3,23.8,9,,2020-11-16T06:23:49,2020-11-16T18:05:54,0.04,Partially cloudy,Partly cloudy throughout the day.,partly-cloudy-day,"65125099999,DNAA,65112599999,remote"
abuja,2020-11-17,35.4,20,27.5,34.3,20,27,15.2,53,0,0,0,,0,0,17.7,12.8,80.2,1011.7,26.8,6.1,270.2,23.2,9,,2020-11-17T06:24:12,2020-11-17T18:05:56,0.07,Partially cloudy,Partly cloudy throughout the day.,partly-cloudy-day,"65125099999,DNAA,65112599999,remote"
abuja,2020-11-18,35,19.9,27.2,34.3,19.9,26.7,14.1,48.8,0,0,0,,0,0,16.8,9.2,86.6,1011.6,41.8,6.2,267.2,22.9,9,,2020-11-18T06:24:34,2020-11-18T18:05:59,0.11,Partially cloudy,Partly cloudy throughout the day.,partly-cloudy-day,"65125099999,DNAA,65112599999,remote"
abuja,2020-11-19,35.1,18.7,26.9,35.4,18.7,26.9,14.9,50.3,0,0,0,,0,0,15,10.3,70.1,1011.2,38.4,5.8,263.3,22.8,9,,2020-11-19T06:24:58,2020-11-19T18:06:03,0.14,Partially cloudy,Partly cloudy throughout the day.,partly-cloudy-day,"65125099999,DNAA,65112599999,remote"
abuja,2020-11-20,34,20,26.8,34.6,20,26.9,16,54.1,0,0,0,,0,0,15.9,11.4,89.4,1011.1,58.7,6,250.2,21.7,9,,2020-11-20T06:25:22,2020-11-20T18:06:08,0.17,Partially cloudy,Partly cloudy throughout the day.,partly-cloudy-day,"65125099999,DNAA,65112599999,remote"
abuja,2020-11-21,34,20.6,26.6,33,20.6,26.4,15,51.9,0,0,0,,0,0,15,10.3,53.7,1011.5,72.8,6,252,21.8,9,,2020-11-21T06:25:46,2020-11-21T18:06:14,0.21,Partially cloudy,Partly cloudy throughout the day.,partly-cloudy-day,"65125099999,DNAA,65112599999,remote"
abuja,2020-11-22,36,18,27.2,35.4,18,26.9,14.9,52.1,0,0,0,,0,0,15.4,10.3,98.7,1012.2,28.5,5.1,260.3,22.5,9,,2020-11-22T06:26:12,2020-11-22T18:06:21,0.25,Partially cloudy,Partly cloudy throughout the day.,partly-cloudy-day,"65125099999,DNAA,65112599999,remote"
abuja,2020-11-23,51,20,28.6,51,20,28.8,16.6,52.6,0,0,0,,0,0,13.9,9.2,123.3,1012.6,43.9,5.8,258.3,22.4,9,,2020-11-23T06:26:37,2020-11-23T18:06:30,0.27,Partially cloudy,Partly cloudy throughout the day.,partly-cloudy-day,"65125099999,DNAA,65112599999,remote"
abuja,2020-11-24,34.1,21,27,35.2,21,27.5,18.5,62.6,0,0,0,,0,0,13.9,6.9,353.4,1012.7,59.2,6,226.3,19.7,8,,2020-11-24T06:27:03,2020-11-24T18:06:39,0.3,Partially cloudy,Partly cloudy throughout the day.,partly-cloudy-day,"65125099999,DNAA,65112599999,remote"
abuja,2020-11-25,36,20,27.4,36.6,20,27.7,17.9,59.7,0,0,0,,0,0,13,6.9,88.4,1011.4,77.7,6.2,241.6,21,9,,2020-11-25T06:27:30,2020-11-25T18:06:49,0.34,Partially cloudy,Partly cloudy throughout the day.,partly-cloudy-day,"65125099999,DNAA,65112599999,remote"
abuja,2020-11-26,35,21,27.4,36.9,21,28.2,19,63.1,0,0,0,,0,0,14.1,6.9,82.9,1010.9,46,6.2,238,20.5,8,,2020-11-26T06:27:57,2020-11-26T18:07:00,0.37,Partially cloudy,Partly cloudy throughout the day.,partly-cloudy-day,"65125099999,DNAA,65112599999,remote"
abuja,2020-11-27,35,21.2,27.4,36.8,21.2,28.4,18.8,62.1,0,0,0,,0,0,13.4,10.3,101.2,1011.8,34.4,6.2,242.1,20.8,8,,2020-11-27T06:28:25,2020-11-27T18:07:13,0.4,Partially cloudy,Partly cloudy throughout the day.,partly-cloudy-day,"65125099999,DNAA,remote,65112599999"
abuja,2020-11-28,35,21,28.1,35.8,21,28.8,18.3,58.1,0,0,0,,0,0,11.6,6.9,97.3,1012.6,33.9,6.2,245,21.2,8,,2020-11-28T06:28:53,2020-11-28T18:07:26,0.44,Partially cloudy,Partly cloudy throughout the day.,partly-cloudy-day,"65125099999,DNAA,65112599999,remote"
abuja,2020-11-29,36,20,27.8,35.8,20,27.7,16.9,57.1,50,100,4.17,rain,0,0,13,10.3,90,1012.3,29.4,6.2,257.9,22.2,9,,2020-11-29T06:29:22,2020-11-29T18:07:40,0.47,"Rain, Partially cloudy",Partly cloudy throughout the day with early morning rain.,rain,"65125099999,DNAA,65112599999,remote"
abuja,2020-11-30,36,21,28.3,35.4,21,27.8,13.7,45.5,0,0,0,,0,0,12.8,6.9,77.9,1012.4,26.1,6.2,261.4,22.5,9,,2020-11-30T06:29:51,2020-11-30T18:07:55,0.5,Partially cloudy,Partly cloudy throughout the day.,partly-cloudy-day,"65125099999,DNAA,remote,65112599999"
abuja,2020-12-01,37,19,27.9,36.2,19,27.2,12.6,44,0,0,0,,0,0,16.6,11.4,94.6,1012.2,24.9,6.2,263.3,22.5,9,,2020-12-01T06:30:20,2020-12-01T18:08:11,0.54,Partially cloudy,Partly cloudy throughout the day.,partly-cloudy-day,"65125099999,DNAA,remote,65112599999"
abuja,2020-12-02,36,17,27.6,35,17,26.8,11,40.2,0,0,0,,0,0,15.4,10.3,84.5,1011.9,22.1,6.1,263.5,22.6,9,,2020-12-02T06:30:49,2020-12-02T18:08:28,0.57,Partially cloudy,Partly cloudy throughout the day.,partly-cloudy-day,"65125099999,DNAA,65112599999,remote"
abuja,2020-12-03,35,19,26.9,34.5,19,26.6,14.2,48.8,0,0,0,,0,0,16.3,8.1,124.7,1012.8,43.6,6.2,256.1,22.1,9,,2020-12-03T06:31:19,2020-12-03T18:08:46,0.61,Partially cloudy,Partly cloudy throughout the day.,partly-cloudy-day,"65125099999,DNAA,65112599999,remote"
abuja,2020-12-04,35.4,20,27,34.7,20,27,16.2,55.8,0,0,0,,0,0,14.3,8.1,90,1013.2,36,6.2,252.6,21.9,9,,2020-12-04T06:31:49,2020-12-04T18:09:04,0.64,Partially cloudy,Partly cloudy throughout the day.,partly-cloudy-day,"65125099999,DNAA,65112599999,remote"
abuja,2020-12-05,36,20,27.7,37.4,20,28.5,18,57.8,0,0,0,,0,0,13,6.9,77.3,1012.8,38.6,6.2,246.9,21.2,8,,2020-12-05T06:32:20,2020-12-05T18:09:24,0.68,Partially cloudy,Partly cloudy throughout the day.,partly-cloudy-day,"65125099999,DNAA,remote,65112599999"
abuja,2020-12-06,36,20.1,28.3,37.4,20.1,29,18.5,58.3,0,0,0,,0,0,12.5,9.2,266.9,1012,40,6.2,255.1,21.9,9,,2020-12-06T06:32:50,2020-12-06T18:09:44,0.71,Partially cloudy,Partly cloudy throughout the day.,partly-cloudy-day,"65125099999,DNAA,65112599999,remote"
abuja,2020-12-07,37,22.1,28.6,37.4,22.1,28.8,17.4,54.7,0,0,0,,0,0,13.9,10.3,101.5,1013.1,44.1,6.2,238.1,20.7,8,,2020-12-07T06:33:21,2020-12-07T18:10:06,0.75,Partially cloudy,Partly cloudy throughout the day.,partly-cloudy-day,"65125099999,DNAA,65112599999"
abuja,2020-12-08,37,20,28.1,37.4,20,28.1,15.9,51.1,0,0,0,,0,0,15.2,11.4,105.2,1013,31.2,6.2,251.4,21.7,9,,2020-12-08T06:33:52,2020-12-08T18:10:27,0.75,Partially cloudy,Partly cloudy throughout the day.,partly-cloudy-day,"65125099999,DNAA,65112599999,remote"
abuja,2020-12-09,35,21,27.4,36.9,21,28.5,18.8,61.2,0,0,0,,0,0,13.6,6.9,107.4,1012.5,75.1,6.2,233.3,20,8,,2020-12-09T06:34:23,2020-12-09T18:10:50,0.82,Partially cloudy,Partly cloudy throughout the day.,partly-cloudy-day,"65125099999,DNAA,65112599999"
abuja,2020-12-10,37,21,28.7,38,21,29.4,17.9,55.8,0,0,0,,0,0,11.2,8.1,223.8,1012.1,36.1,6.2,245.4,21.4,9,,2020-12-10T06:34:55,2020-12-10T18:11:14,0.85,Partially cloudy,Partly cloudy throughout the day.,partly-cloudy-day,"65125099999,DNAA,65112599999,remote"
abuja,2020-12-11,36.1,21.9,28.3,38.3,21.9,29.4,19.2,60.3,0,0,0,,0,0,14.8,8.1,256,1012.5,41.6,6.2,244,21,9,,2020-12-11T06:35:26,2020-12-11T18:11:38,0.89,Partially cloudy,Partly cloudy throughout the day.,partly-cloudy-day,"65125099999,DNAA,remote,65112599999"
abuja,2020-12-12,35,22,28.3,37.7,22,29.7,19.8,62.8,0,0,0,,0,0,14.5,8.1,228.1,1012.1,38.1,6.2,240.2,20.7,9,,2020-12-12T06:35:57,2020-12-12T18:12:03,0.92,Partially cloudy,Partly cloudy throughout the day.,partly-cloudy-day,"65125099999,DNAA,65112599999"
abuja,2020-12-13,36,22,29.1,40.8,22,30.9,20.4,62.2,0,0,0,,0,0,16.8,10.3,248.8,1011.1,44.8,6,219.8,18.9,8,,2020-12-13T06:36:28,2020-12-13T18:12:28,0.96,Partially cloudy,Partly cloudy throughout the day.,partly-cloudy-day,"65125099999,DNAA,65112599999,remote"
abuja,2020-12-14,36,23,29.3,38.1,23,30.3,19.5,58.4,0,0,0,,0,0,12.3,6.9,108.7,1010.8,37.5,6.1,234.2,20.2,8,,2020-12-14T06:37:00,2020-12-14T18:12:54,0,Partially cloudy,Partly cloudy throughout the day.,partly-cloudy-day,"65125099999,DNAA,65112599999,remote"
abuja,2020-12-15,36,23,28.2,37.7,23,28.6,18.2,58.5,0,0,0,,0,0,16.3,57.5,94.5,1010.9,28.9,5.5,241.9,20.9,9,,2020-12-15T06:37:31,2020-12-15T18:13:21,0.03,Partially cloudy,Clearing in the afternoon.,wind,"65125099999,DNAA,65112599999"
abuja,2020-12-16,37,19,28,35.6,19,27.2,12.3,44.2,0,0,0,,0,0,15.7,13.9,83.3,1011.7,36.1,6.2,251.1,21.7,9,,2020-12-16T06:38:02,2020-12-16T18:13:48,0.06,Partially cloudy,Partly cloudy throughout the day.,partly-cloudy-day,"65125099999,DNAA,65112599999"
abuja,2020-12-17,36,19,27.1,34.1,19,26.4,10.7,38.9,0,0,0,,0,0,13.4,8.1,130.2,1011.6,45.4,5.5,252.4,22,9,,2020-12-17T06:38:33,2020-12-17T18:14:16,0.09,Partially cloudy,Partly cloudy throughout the day.,partly-cloudy-day,"65125099999,DNAA,65112599999,remote"
abuja,2020-12-18,35,19.6,27.2,36.3,19.6,27.6,15.5,49.6,0,0,0,,0,0,14.3,6.9,136,1011.6,22.8,5.9,249.7,21.6,9,,2020-12-18T06:39:03,2020-12-18T18:14:45,0.12,Partially cloudy,Partly cloudy throughout the day.,partly-cloudy-day,"65125099999,DNAA,65112599999,remote"
abuja,2020-12-19,35.1,20,27.4,35.2,20,27.5,16,52.2,0,0,0,,0,0,13.4,8.1,88,1011.7,22.5,5.5,249.2,21.4,9,,2020-12-19T06:39:34,2020-12-19T18:15:13,0.15,Partially cloudy,Partly cloudy throughout the day.,partly-cloudy-day,"65125099999,DNAA,65112599999,remote"
abuja,2020-12-20,35,20,27.4,36.3,20,27.5,15.7,51.2,0,0,0,,0,0,14.8,8.1,96.2,1011.7,20.2,4.9,248.2,21.4,9,,2020-12-20T06:40:04,2020-12-20T18:15:43,0.19,Partially cloudy,Partly cloudy throughout the day.,partly-cloudy-day,"65125099999,DNAA,65112599999,remote"
abuja,2020-12-21,36,20,27.8,36.3,20,27.8,15.7,51,0,0,0,,0,0,14.8,5.8,107.6,1011.6,23.2,4.7,247.4,21.3,9,,2020-12-21T06:40:34,2020-12-21T18:16:12,0.22,Partially cloudy,Partly cloudy throughout the day.,partly-cloudy-day,"65125099999,DNAA,65112599999,remote"
abuja,2020-12-22,35,21,27.9,35.3,21,27.9,16.2,51.9,0,0,0,,0,0,18.1,10.3,117.6,1011.5,42.8,5.2,246.6,21.3,9,,2020-12-22T06:41:04,2020-12-22T18:16:42,0.25,Partially cloudy,Partly cloudy throughout the day.,partly-cloudy-day,"65125099999,DNAA,remote,65112599999"
abuja,2020-12-23,35,21,27.9,36.3,21,28.3,17.4,55.5,0,0,0,,0,0,13.4,5.8,97.5,1011.5,23.2,5.9,243.1,21.1,8,,2020-12-23T06:41:33,2020-12-23T18:17:13,0.28,Partially cloudy,Becoming cloudy in the afternoon.,partly-cloudy-day,"65125099999,DNAA,65112599999,remote"
abuja,2020-12-24,35,21,27.8,35.2,21,27.7,16.2,52.6,0,0,0,,0,0,14.3,8.1,82.3,1011.3,44,6,246.2,21.3,8,,2020-12-24T06:42:02,2020-12-24T18:17:44,0.32,Partially cloudy,Partly cloudy throughout the day.,partly-cloudy-day,"65125099999,DNAA,65112599999,remote"
abuja,2020-12-25,36,19,27.8,34.3,19,27.1,9.6,34,0,0,0,,0,0,18.3,10.3,44.5,1011,38.3,6.2,252.5,21.6,9,,2020-12-25T06:42:31,2020-12-25T18:18:15,0.35,Partially cloudy,Partly cloudy throughout the day.,partly-cloudy-day,"65125099999,DNAA,65112599999,remote"
abuja,2020-12-26,35,20.4,27.1,33.1,20.4,26.4,10.8,38.6,0,0,0,,0,0,18.8,9.2,54.8,1011,23.9,5,252,21.6,9,,2020-12-26T06:42:59,2020-12-26T18:18:46,0.38,Partially cloudy,Partly cloudy throughout the day.,partly-cloudy-day,"65125099999,DNAA,65112599999"
abuja,2020-12-27,35.8,18,25.7,33.9,18,25.1,12,46.2,0,0,0,,0,0,18.1,9.2,38.3,1010.9,12.8,3.7,250.3,21.6,9,,2020-12-27T06:43:26,2020-12-27T18:19:17,0.41,Clear,Clear conditions throughout the day.,clear-day,"65125099999,DNAA,65112599999,remote"
abuja,2020-12-28,34,19,26.3,33,19,26,13.1,46.4,0,0,0,,0,0,13.4,8.1,103.5,1011.2,8.8,3.4,248,21.4,9,,2020-12-28T06:43:53,2020-12-28T18:19:49,0.45,Clear,Clear conditions throughout the day.,clear-day,"65125099999,DNAA,65112599999,remote"
abuja,2020-12-29,35,19.7,26.8,34.7,19.7,26.6,14,47.4,0,0,0,,0,0,13.9,8.1,106.8,1010.8,23.2,3.5,248.4,21.3,9,,2020-12-29T06:44:20,2020-12-29T18:20:20,0.48,Partially cloudy,Partly cloudy throughout the day.,partly-cloudy-day,"65125099999,DNAA,65112599999,remote"
abuja,2020-12-30,35,20,26.9,35.7,20,26.9,14.8,49.8,0,0,0,,0,0,16.3,8.1,43,1011.3,10.1,2.8,246.6,21.2,9,,2020-12-30T06:44:46,2020-12-30T18:20:52,0.5,Clear,Clear conditions throughout the day.,clear-day,"65125099999,DNAA,65112599999,remote"
abuja,2020-12-31,36,18,27,35.9,18,26.9,14.4,49.5,0,0,0,,0,0,18.6,14.2,103.3,1011.5,6.6,2.8,251.1,21.7,9,,2020-12-31T06:45:11,2020-12-31T18:21:24,0.55,Clear,Clear conditions throughout the day.,clear-day,"65125099999,DNAA,65112599999,remote"
abuja,2021-01-01,37,20.4,27.9,37,20.4,27.6,14.7,48.1,0,0,0,,0,0,15.9,8.1,114.5,1010.9,10.7,2.6,251.5,21.8,9,,2021-01-01T06:45:36,2021-01-01T18:21:56,0.58,Clear,Clear conditions throughout the day.,clear-day,"65125099999,DNAA,65112599999,remote"
abuja,2021-01-02,35,21.5,28.3,37.7,21.5,29.7,18.6,56.8,0,0,0,,0,0,15.2,5.8,181.3,1011,23.5,5,246.9,21.2,9,,2021-01-02T06:46:00,2021-01-02T18:22:28,0.62,Partially cloudy,Partly cloudy throughout the day.,partly-cloudy-day,"65125099999,DNAA,65112599999,remote"
abuja,2021-01-03,36,22.9,28.8,37.3,22.9,29.5,18.9,58.5,0,0,0,,0,0,12.8,9.2,77.6,1011.2,27.3,5.9,245.5,21.1,8,,2021-01-03T06:46:24,2021-01-03T18:23:00,0.65,Partially cloudy,Becoming cloudy in the afternoon.,partly-cloudy-day,"65125099999,DNAA,remote,65112599999"
abuja,2021-01-04,38.1,22,29.2,36.7,22,28.8,15.1,49,0,0,0,,0,0,16.3,11.4,89.3,1010.5,25.3,6,254.3,21.9,9,,2021-01-04T06:46:46,2021-01-04T18:23:32,0.69,Partially cloudy,Partly cloudy throughout the day.,partly-cloudy-day,"65125099999,DNAA,65112599999,remote"
abuja,2021-01-05,37,20,28.3,36.2,20,28,12.5,39.6,0,0,0,,0,0,18.6,11.4,87.8,1009.7,25.3,6.1,254.4,22.1,9,,2021-01-05T06:47:08,2021-01-05T18:24:04,0.72,Partially cloudy,Partly cloudy throughout the day.,partly-cloudy-day,"65125099999,DNAA,65112599999,remote"
abuja,2021-01-06,38,20,28.5,36.9,20,27.9,12.3,40.4,0,0,0,,0,0,18.3,12.8,96.4,1010.3,26.5,5.8,256.1,22.2,9,,2021-01-06T06:47:29,2021-01-06T18:24:35,0.75,Partially cloudy,Partly cloudy throughout the day.,partly-cloudy-day,"65125099999,DNAA,65112599999"
abuja,2021-01-07,38.1,19.9,28.9,36.2,19.9,28.1,10.6,35.9,0,0,0,,0,0,21,17.2,84.2,1011,52.3,5.9,255.6,22.1,9,,2021-01-07T06:47:50,2021-01-07T18:25:07,0.8,Partially cloudy,Partly cloudy throughout the day.,partly-cloudy-day,"65125099999,DNAA,remote,65112599999"
abuja,2021-01-08,37.1,17.1,26.9,37,17.1,27.1,13.3,44.8,0,0,0,,0,0,14.5,6.9,226.3,1011.3,46.9,5.6,252.4,21.8,9,,2021-01-08T06:48:10,2021-01-08T18:25:38,0.83,Partially cloudy,Partly cloudy throughout the day.,partly-cloudy-day,"65125099999,DNAA,65112599999,remote"
abuja,2021-01-09,37,17,27.8,34.9,17,27,10.4,37.9,0,0,0,,0,0,18.8,10.3,91.5,1010.8,38.6,6.2,259.4,22.4,9,,2021-01-09T06:48:28,2021-01-09T18:26:09,0.87,Partially cloudy,Partly cloudy throughout the day.,partly-cloudy-day,"65125099999,DNAA,65112599999,remote"
abuja,2021-01-10,37,18,28,34.8,18,27.1,9.1,34.4,0,0,0,,0,0,18.1,9.2,73.3,1010.3,20.1,6.2,260.3,22.7,9,,2021-01-10T06:48:46,2021-01-10T18:26:40,0.9,Partially cloudy,Partly cloudy throughout the day.,partly-cloudy-day,"65125099999,DNAA,65112599999,remote"
abuja,2021-01-11,36,20,27.8,34.1,20,26.9,9.3,35.4,0,0,0,,0,0,15.2,11.4,125,1010.2,21.8,6.2,260,22.7,9,,2021-01-11T06:49:04,2021-01-11T18:27:10,0.94,Partially cloudy,Partly cloudy throughout the day.,partly-cloudy-day,"65125099999,DNAA,remote,65112599999"
abuja,2021-01-12,37,20,27.7,35.1,20,27.1,11.1,38.1,0,0,0,,0,0,13.6,9.2,93.5,1011.5,27.1,6.2,257.1,22.1,9,,2021-01-12T06:49:20,2021-01-12T18:27:41,0.97,Partially cloudy,Partly cloudy throughout the day.,partly-cloudy-day,"65125099999,DNAA,65112599999,remote"
abuja,2021-01-13,37,20,27.4,35.3,20,26.9,11.5,40.4,0,0,0,,0,0,16.6,10.3,98,1012.3,26.1,6.2,260.9,22.6,9,,2021-01-13T06:49:35,2021-01-13T18:28:11,0,Partially cloudy,Partly cloudy throughout the day.,partly-cloudy-day,"65125099999,DNAA,65112599999,remote"
abuja,2021-01-14,35,19.6,26.6,34.4,19.6,26.4,13,44.5,0,0,0,,0,0,14.3,8.1,87.9,1012.3,21.4,5.1,255.8,21.9,9,,2021-01-14T06:49:50,2021-01-14T18:28:40,0.04,Partially cloudy,Partly cloudy throughout the day.,partly-cloudy-day,"65125099999,DNAA,65112599999,remote"
abuja,2021-01-15,35,19.6,27.3,34.3,19.6,27,12.4,41.9,0,0,0,,0,0,15.2,8.1,77.6,1010.8,23.1,5.3,254.3,21.8,9,,2021-01-15T06:50:03,2021-01-15T18:29:09,0.07,Partially cloudy,Partly cloudy throughout the day.,partly-cloudy-day,"65125099999,DNAA,65112599999,remote"
abuja,2021-01-16,35,20,27.4,34.4,20,27,11.9,39.7,0,0,0,,0,0,15.2,11.4,79,1010,17.6,4.9,254,21.9,9,,2021-01-16T06:50:16,2021-01-16T18:29:38,0.1,Clear,Clear conditions throughout the day.,clear-day,"65125099999,DNAA,65112599999,remote"
abuja,2021-01-17,35,20.2,27.5,36.9,20.2,27.9,15.4,48.9,0,0,0,,0,0,12.1,8.1,102.8,1010.7,15.8,4.3,256,22.1,9,,2021-01-17T06:50:27,2021-01-17T18:30:06,0.14,Clear,Clear conditions throughout the day.,clear-day,"65125099999,DNAA,65112599999,remote"
abuja,2021-01-18,36,20,27.8,34.5,20,27,10.3,37.2,0,0,0,,0,0,15.4,9.2,84,1010.9,15.5,5.8,261.4,22.5,9,,2021-01-18T06:50:38,2021-01-18T18:30:34,0.17,Clear,Clear conditions throughout the day.,clear-day,"65125099999,DNAA,65112599999,remote"
abuja,2021-01-19,36,20,28.2,34.3,20,27.3,7.8,29.1,0,0,0,,0,0,18.3,9.2,46.2,1012.1,23.3,6.2,262.5,22.5,9,,2021-01-19T06:50:48,2021-01-19T18:31:02,0.2,Partially cloudy,Partly cloudy throughout the day.,partly-cloudy-day,"65125099999,DNAA,65112599999,remote"
abuja,2021-01-20,38,20,28.5,36.3,20,27.6,7.7,28.3,0,0,0,,0,0,19.5,11.4,69.2,1012.1,16.5,3.7,265.4,22.8,9,,2021-01-20T06:50:56,2021-01-20T18:31:29,0.25,Clear,Clear conditions throughout the day.,clear-day,"65125099999,DNAA,65112599999,remote"
abuja,2021-01-21,35,20,27.2,33.1,20,26.4,6.4,27.7,0,0,0,,0,0,17.7,10.3,81.5,1012.1,29.7,4.4,266.3,22.9,9,,2021-01-21T06:51:04,2021-01-21T18:31:55,0.26,Partially cloudy,Partly cloudy throughout the day.,partly-cloudy-day,"65125099999,DNAA,remote,65112599999"
abuja,2021-01-22,35,19.7,26.3,33.1,19.7,25.5,9.1,36.8,0,0,0,,0,0,13.4,9.2,14.9,1012.4,24.2,2,266.1,22.9,9,,2021-01-22T06:51:11,2021-01-22T18:32:21,0.3,Partially cloudy,Partly cloudy throughout the day.,partly-cloudy-day,"65125099999,DNAA,65112599999,remote"
abuja,2021-01-23,34,19.9,26.9,32.3,19.9,26.2,10.3,37.2,0,0,0,,0,0,14.1,10.3,45.6,1012.2,14.9,1.8,265.5,22.9,9,,2021-01-23T06:51:16,2021-01-23T18:32:46,0.33,Clear,Clear conditions throughout the day.,clear-day,"65125099999,DNAA,65112599999,remote"
abuja,2021-01-24,37,20,27.1,35.8,20,26.4,10.9,39.4,0,0,0,,0,0,14.5,6.9,88.3,1011,19.8,2,266.9,23.2,9,,2021-01-24T06:51:21,2021-01-24T18:33:11,0.36,Clear,Clear conditions throughout the day.,clear-day,"65125099999,DNAA,remote,65112599999"
abuja,2021-01-25,37,19,27.6,35.6,19,26.8,9.3,33.9,0,0,0,,0,0,12.8,9.2,64.9,1011.6,5.5,4.2,268.3,23.2,9,,2021-01-25T06:51:25,2021-01-25T18:33:35,0.39,Clear,Clear conditions throughout the day.,clear-day,"65125099999,DNAA,65112599999,remote"
abuja,2021-01-26,38,20.7,28.5,36.3,20.7,27.6,8.4,30.2,0,0,0,,0,0,11.4,8.1,60.2,1011.3,19.5,5.5,267.8,23.2,9,,2021-01-26T06:51:27,2021-01-26T18:33:59,0.42,Clear,Clear conditions throughout the day.,clear-day,"65125099999,DNAA,remote,65112599999"
abuja,2021-01-27,37,20,28.3,35.3,20,27.5,10.5,35.6,0,0,0,,0,0,17.2,9.2,90.5,1011.1,9.9,4.7,266,23.1,9,,2021-01-27T06:51:29,2021-01-27T18:34:22,0.46,Clear,Clear conditions throughout the day.,clear-day,"65125099999,DNAA,65112599999,remote"
abuja,2021-01-28,36.4,21,27.7,35.3,21,27.1,10.6,36.7,0,0,0,,0,0,17.2,9.2,92.1,1011.2,16.9,5.6,267.1,23.1,9,,2021-01-28T06:51:30,2021-01-28T18:34:44,0.5,Clear,Clear conditions throughout the day.,clear-day,"65125099999,DNAA,65112599999,remote"
abuja,2021-01-29,37,21,27.6,35.3,21,26.7,8,31.1,0,0,0,,0,0,17.4,8.1,63.8,1012,25.4,6,270.3,23.5,9,,2021-01-29T06:51:29,2021-01-29T18:35:06,0.52,Partially cloudy,Partly cloudy throughout the day.,partly-cloudy-day,"65125099999,DNAA,65112599999,remote"
abuja,2021-01-30,38,19.2,28,36.6,19.2,27.2,8,30.5,0,0,0,,0,0,17.2,10.3,81.6,1011.6,26.3,4.2,271,23.5,9,,2021-01-30T06:51:28,2021-01-30T18:35:27,0.56,Partially cloudy,Partly cloudy throughout the day.,partly-cloudy-day,"65125099999,DNAA,65112599999,remote"
abuja,2021-01-31,35,20.4,28.1,33.5,20.4,27.4,9,31,0,0,0,,0,0,15,10.6,57.3,1011,12.8,2.7,270.9,23.4,9,,2021-01-31T06:51:26,2021-01-31T18:35:47,0.59,Clear,Clear conditions throughout the day.,clear-day,"65125099999,DNAA,65112599999,remote"
abuja,2021-02-01,36,22,28.9,35.5,22,28.4,11.7,35.5,0,0,0,,0,0,16.1,9.2,74.7,1012,5.6,2,269.4,23.5,9,,2021-02-01T06:51:22,2021-02-01T18:36:07,0.63,Clear,Clear conditions throughout the day.,clear-day,"65125099999,DNAA,65112599999,remote"
abuja,2021-02-02,36.1,22,28.9,37.1,22,29,13.9,40.6,0,0,0,,0,0,18.3,11.4,82.8,1012.3,10.6,1.9,264.1,22.7,9,,2021-02-02T06:51:18,2021-02-02T18:36:27,0.67,Clear,Clear conditions throughout the day.,clear-day,"65125099999,DNAA,65112599999"
abuja,2021-02-03,37,23,29.2,36.1,23,28.8,12.5,37.2,0,0,0,,0,0,19.2,11.4,69.1,1012.5,13,4.4,260.1,22.3,9,,2021-02-03T06:51:13,2021-02-03T18:36:45,0.7,Clear,Clear conditions throughout the day.,clear-day,"65125099999,DNAA,65112599999"
abuja,2021-02-04,38,21,28.8,36.9,21,28.1,9.8,32.1,0,0,0,,0,0,17,8.1,31.1,1012,23.9,5.6,274.6,23.8,9,,2021-02-04T06:51:06,2021-02-04T18:37:03,0.75,Partially cloudy,Partly cloudy throughout the day.,partly-cloudy-day,"65125099999,DNAA,65112599999,remote"
abuja,2021-02-05,37,20,28.7,35.6,20,28,9.6,31.9,0,0,0,,0,0,14.3,10.3,73.5,1012.3,7.7,5.3,276.6,23.9,10,,2021-02-05T06:50:59,2021-02-05T18:37:20,0.77,Clear,Clear conditions throughout the day.,clear-day,"65125099999,DNAA,65112599999"
abuja,2021-02-06,37,21,29.2,35.6,21,28.4,9,30.1,0,0,0,,0,0,14.5,8.1,70.9,1012,7.5,2.6,277.4,24,10,,2021-02-06T06:50:51,2021-02-06T18:37:37,0.81,Clear,Clear conditions throughout the day.,clear-day,"65125099999,DNAA,65112599999,remote"
abuja,2021-02-07,36,21,28.2,34.8,21,27.7,10.9,35.6,0,0,0,,0,0,17.2,10.3,38.7,1011.2,6,2.8,278.4,24.1,10,,2021-02-07T06:50:41,2021-02-07T18:37:53,0.85,Clear,Clear conditions throughout the day.,clear-day,"65125099999,DNAA,remote,65112599999"
abuja,2021-02-08,37,20,27.9,35.5,20,27.3,11.3,38.2,0,0,0,,0,0,19.5,9.2,82,1010,12.2,4.2,275.2,23.9,9,,2021-02-08T06:50:31,2021-02-08T18:38:08,0.88,Clear,Clear conditions throughout the day.,clear-day,"65125099999,DNAA,65112599999,remote"
abuja,2021-02-09,37,21,29,36.1,21,28.5,11.6,36,0,0,0,,0,0,20.6,16.1,99.8,1010.5,21.3,4.2,274.3,23.6,9,,2021-02-09T06:50:20,2021-02-09T18:38:22,0.92,Partially cloudy,Partly cloudy throughout the day.,partly-cloudy-day,"65125099999,DNAA,65112599999,remote"
abuja,2021-02-10,37,21,29,35.4,21,28.6,13.1,40.3,0,0,0,,0,0,13.9,10.3,79.5,1009.8,20.2,4.9,277.5,24,10,,2021-02-10T06:50:08,2021-02-10T18:38:36,0.95,Partially cloudy,Partly cloudy throughout the day.,partly-cloudy-day,"65125099999,DNAA,65112599999,remote"
abuja,2021-02-11,38,23,29.7,35.7,23,28.6,7.2,25.8,0,0,0,,0,0,18.1,9.2,76.9,1009.7,28.9,6.2,277.7,24,10,,2021-02-11T06:49:55,2021-02-11T18:38:49,0,Partially cloudy,Partly cloudy throughout the day.,partly-cloudy-day,"DNAA,65112599999,remote"
abuja,2021-02-12,37,23,29.5,34.5,23,28.4,5.8,23.9,0,0,0,,0,0,15.2,6.9,81.1,1009.1,14.9,6.2,280.5,24.5,10,,2021-02-12T06:49:41,2021-02-12T18:39:02,0.02,Clear,Clear conditions throughout the day.,clear-day,"DNAA,remote"
abuja,2021-02-13,38,19,28.6,35.6,19,27.6,7.1,27.1,0,0,0,,0,0,18.1,11.4,92.8,1009.1,27.5,6.1,282.9,24.3,10,,2021-02-13T06:49:27,2021-02-13T18:39:14,0.05,Partially cloudy,Partly cloudy throughout the day.,partly-cloudy-day,"65125099999,DNAA,remote,65112599999"
abuja,2021-02-14,37,21.6,29.7,38.6,21.6,30.1,12.9,36.8,0,0,0,,0,0,15.4,11.4,144.2,1009.5,38,6.2,276.4,24,10,,2021-02-14T06:49:11,2021-02-14T18:39:25,0.09,Partially cloudy,Partly cloudy throughout the day.,partly-cloudy-day,"65125099999,DNAA,remote,65112599999"
abuja,2021-02-15,37,25,30.3,38.1,25,31.2,17.5,48.2,0,0,0,,0,0,13,12.8,113,1009.8,40.4,6.2,251.8,21.8,9,,2021-02-15T06:48:55,2021-02-15T18:39:36,0.12,Partially cloudy,Partly cloudy throughout the day.,partly-cloudy-day,"65125099999,DNAA,65112599999,remote"
abuja,2021-02-16,39,23,30.9,36.1,23,29.6,7.1,26.4,0,0,0,,0,0,19.2,16.1,84.6,1010.3,29.9,6.2,283.4,24.6,10,,2021-02-16T06:48:37,2021-02-16T18:39:46,0.15,Partially cloudy,Partly cloudy throughout the day.,partly-cloudy-day,"65125099999,DNAA,65112599999"
abuja,2021-02-17,36.6,24.2,29.9,33.7,24.2,28.5,-0.3,15.3,0,0,0,,0,0,19.2,14.1,54.1,1011.6,46.6,5.9,288.6,24.9,10,,2021-02-17T06:48:19,2021-02-17T18:39:55,0.18,Partially cloudy,Partly cloudy throughout the day.,partly-cloudy-day,"65125099999,DNAA,65112599999,remote"
abuja,2021-02-18,33,21,27,30.8,21,26,2,20.7,0,0,0,,0,0,21.7,16.1,45,1012.8,58.7,3.3,291.9,25.3,10,,2021-02-18T06:48:00,2021-02-18T18:40:04,0.21,Partially cloudy,Partly cloudy throughout the day.,partly-cloudy-day,"65125099999,DNAA,65112599999,remote"
abuja,2021-02-19,34,18.7,26,31.5,18.7,25.1,2.2,22.7,0,0,0,,0,0,16.8,15,50.8,1013.6,59.5,2.5,288.8,25,10,,2021-02-19T06:47:41,2021-02-19T18:40:12,0.25,Partially cloudy,Partly cloudy throughout the day.,partly-cloudy-day,"65125099999,DNAA,65112599999,remote"
abuja,2021-02-20,34,20,27.1,31.6,20,26.1,2.9,21.8,0,0,0,,0,0,13.9,9.2,25.1,1013,31.2,1.6,290.5,25.2,10,,2021-02-20T06:47:20,2021-02-20T18:40:20,0.28,Partially cloudy,Becoming cloudy in the afternoon.,partly-cloudy-day,"DNAA,remote"
abuja,2021-02-21,34,20,27.1,31.6,20,26.2,4.5,25,0,0,0,,0,0,14.3,8.1,26.1,1011.7,50.1,2.4,289.5,25,10,,2021-02-21T06:46:59,2021-02-21T18:40:27,0.31,Partially cloudy,Partly cloudy throughout the day.,partly-cloudy-day,"65125099999,DNAA,remote,65112599999"
abuja,2021-02-22,34.4,20,27.6,32.1,20,26.6,5.6,25.7,0,0,0,,0,0,18.6,9.2,40.7,1011.5,56.2,2.5,290,25.1,10,,2021-02-22T06:46:37,2021-02-22T18:40:34,0.34,Partially cloudy,Partly cloudy throughout the day.,partly-cloudy-day,"65125099999,DNAA,65112599999,remote"
abuja,2021-02-23,36,21.7,28.6,33.8,21.7,27.7,7,26.4,0,0,0,,0,0,18.3,11.4,56.1,1012.4,37.5,4.2,288.5,24.8,10,,2021-02-23T06:46:15,2021-02-23T18:40:40,0.38,Partially cloudy,Clearing in the afternoon.,partly-cloudy-day,"65125099999,DNAA,remote,65112599999"
abuja,2021-02-24,37,21.4,28.8,34.8,21.4,27.7,6.8,26.7,0,0,0,,0,0,15.4,8.1,24.1,1012.2,19.3,5.2,290.3,25.2,10,,2021-02-24T06:45:52,2021-02-24T18:40:45,0.41,Clear,Clear conditions throughout the day.,clear-day,"65125099999,DNAA,remote,65112599999"
abuja,2021-02-25,37,21,29.6,34.6,21,28.5,6.9,25.7,0,0,0,,0,0,15.2,8.1,18.2,1010.8,5.9,3.5,290.7,25.3,10,,2021-02-25T06:45:28,2021-02-25T18:40:50,0.44,Clear,Clear conditions throughout the day.,clear-day,"65125099999,DNAA,65112599999,remote"
abuja,2021-02-26,36,22.6,29,35.4,22.6,28.5,12,36.4,0,0,0,,0,0,15.4,11.4,283.1,1010.8,15,2.4,283.6,24.5,9,,2021-02-26T06:45:03,2021-02-26T18:40:54,0.47,Clear,Clear conditions throughout the day.,clear-day,"65125099999,DNAA,remote,65112599999"
abuja,2021-02-27,37.7,23,29.3,37,23,28.7,11.6,35,0,0,0,,0,0,14.5,16.1,117.5,1010,14.8,2.5,280.6,24.3,10,,2021-02-27T06:44:38,2021-02-27T18:40:58,0.5,Clear,Clear conditions throughout the day.,clear-day,"65125099999,DNAA,65112599999,remote"
abuja,2021-02-28,38.9,25,30.7,37.1,25,29.7,10.9,32.2,0,0,0,,0,0,17,8.1,84.2,1008.4,15.4,3.2,289.5,25.1,10,,2021-02-28T06:44:12,2021-02-28T18:41:02,0.54,Clear,Clear conditions throughout the day.,clear-day,"65125099999,DNAA,65112599999,remote"
abuja,2021-03-01,39,22,31,38.4,22,29.9,8.5,26.4,0,0,0,,0,0,15.4,9.2,58.4,1008.6,47,5.5,296.2,25.5,10,,2021-03-01T06:43:46,2021-03-01T18:41:05,0.57,Partially cloudy,Partly cloudy throughout the day.,partly-cloudy-day,"65125099999,DNAA,65112599999,remote"
abuja,2021-03-02,39,26,31.9,36.9,26,30.4,6,20.5,0,0,0,,0,0,23.3,17.2,64,1009.4,18.4,4.8,298.2,25.6,10,,2021-03-02T06:43:19,2021-03-02T18:41:07,0.61,Clear,Clear conditions throughout the day.,clear-day,"65125099999,DNAA,65112599999,remote"
abuja,2021-03-03,39,24,31.1,37.1,24,29.9,7.9,25.2,0,0,0,,0,0,17.7,20.8,61.8,1009.3,55.6,5.8,298.7,25.7,10,,2021-03-03T06:42:52,2021-03-03T18:41:09,0.65,Partially cloudy,Partly cloudy throughout the day.,partly-cloudy-day,"65125099999,DNAA,65112599999,remote"
abuja,2021-03-04,39.4,24,31.5,37.1,24,30.1,6.5,22.4,0,0,0,,0,0,16.8,12.8,82.8,1009.4,47.7,6,300.5,26,10,,2021-03-04T06:42:24,2021-03-04T18:41:11,0.68,Partially cloudy,Partly cloudy throughout the day.,partly-cloudy-day,"65125099999,DNAA,65112599999,remote"
abuja,2021-03-05,39,23,30.8,37.1,23,29.8,8.9,27.2,0,0,0,,0,0,17.9,12.8,105.4,1009.1,25.5,5.4,298.1,25.9,10,,2021-03-05T06:41:56,2021-03-05T18:41:12,0.72,Partially cloudy,Partly cloudy throughout the day.,partly-cloudy-day,"65125099999,DNAA,65112599999,remote"
abuja,2021-03-06,37,24.7,30.6,40.8,24.7,31.9,16.6,43.9,0,0,0,,0,0,14.3,13.9,284,1011.2,29.1,5.5,287.4,25,10,,2021-03-06T06:41:27,2021-03-06T18:41:13,0.75,Partially cloudy,Clearing in the afternoon.,partly-cloudy-day,"65125099999,DNAA,65112599999"
abuja,2021-03-07,38,24,31,39.8,24,32,17.7,47,0,0,0,,0,0,12.3,8.1,301.2,1010.6,12.2,5,293.5,25.3,10,,2021-03-07T06:40:58,2021-03-07T18:41:14,0.79,Clear,Clear conditions throughout the day.,clear-day,"65125099999,DNAA,remote,65112599999"
abuja,2021-03-08,38,23,30.5,39.2,23,31.3,16.7,44.8,0,0,0,,0,0,16.8,10.3,186.9,1009.3,19.6,5.8,285.4,24.8,10,,2021-03-08T06:40:28,2021-03-08T18:41:14,0.82,Clear,Clear conditions throughout the day.,clear-day,"65125099999,DNAA,65112599999,remote"
abuja,2021-03-09,37.6,25,31.5,42.1,25,33.4,19.3,50.1,0,0,0,,0,0,15.7,10.3,185.4,1008.6,28.4,6.2,289,25.1,10,,2021-03-09T06:39:58,2021-03-09T18:41:14,0.86,Partially cloudy,Partly cloudy throughout the day.,partly-cloudy-day,"65125099999,DNAA,65112599999,remote"
abuja,2021-03-10,38,26.7,31.6,41.4,26.7,34.1,20.2,53,0,0,0,,0,0,15.2,11.4,242.4,1008.2,38.4,6.1,263.7,22.8,9,,2021-03-10T06:39:27,2021-03-10T18:41:13,0.89,Partially cloudy,Partly cloudy throughout the day.,partly-cloudy-day,"65125099999,DNAA,65112599999,remote"
abuja,2021-03-11,36,25.7,31.3,41.1,25.7,34.4,21.6,57.7,0,0,0,,0,0,19,13.9,220.9,1008.7,79.6,6.2,263.2,22.8,9,,2021-03-11T06:38:57,2021-03-11T18:41:12,0.93,Partially cloudy,Partly cloudy throughout the day.,partly-cloudy-day,"65125099999,DNAA,65112599999,remote"
abuja,2021-03-12,36,24,30,40.8,24,32.8,21.5,62.2,0.2,100,8.33,rain,0,0,18.3,28.9,275.9,1008.7,72.6,5.8,219.6,19.1,9,,2021-03-12T06:38:26,2021-03-12T18:41:11,0.97,"Rain, Partially cloudy",Partly cloudy throughout the day with morning rain.,rain,"65125099999,DNAA,remote,65112599999"
abuja,2021-03-13,35,24,29,36.9,24,30.5,20.6,63,0,0,0,,0,0,18.3,10.3,257.1,1009.6,77,6.1,222.9,19.2,9,,2021-03-13T06:37:54,2021-03-13T18:41:10,0,Partially cloudy,Partly cloudy throughout the day.,partly-cloudy-day,"65125099999,DNAA,65112599999,remote"
abuja,2021-03-14,33.9,24,28.8,34,24,29.7,19.7,60.5,0,0,0,,0,0,16.6,6.9,145.7,1010.6,58.3,4.9,239.3,20.7,9,,2021-03-14T06:37:22,2021-03-14T18:41:09,0.03,Partially cloudy,Partly cloudy throughout the day.,partly-cloudy-day,"65125099999,DNAA,65112599999,remote"
abuja,2021-03-15,36,25,29.8,37.4,25,31,19.6,56.7,0,0,0,,0,0,17,11.4,264.2,1009.5,33.1,4.6,272.2,23.5,9,,2021-03-15T06:36:51,2021-03-15T18:41:07,0.07,Partially cloudy,Clearing in the afternoon.,partly-cloudy-day,"65125099999,DNAA,remote,65112599999"
abuja,2021-03-16,36,25.2,30.7,39.5,25.2,32.6,20.6,57.1,0,0,0,,0,0,15.9,9.2,236.9,1009.3,26.3,4.4,276.7,24,10,,2021-03-16T06:36:18,2021-03-16T18:41:05,0.1,Partially cloudy,Partly cloudy throughout the day.,partly-cloudy-day,"65125099999,DNAA,65112599999,remote"
abuja,2021-03-17,34.7,27,30.4,37.8,28.9,33.1,21.2,58.8,0.4,100,8.33,rain,0,0,19.2,10.3,202,1009.8,75.1,6,232.6,19.9,9,,2021-03-17T06:35:46,2021-03-17T18:41:03,0.13,"Rain, Partially cloudy",Partly cloudy throughout the day with late afternoon rain.,rain,"65125099999,DNAA,65112599999,remote"
abuja,2021-03-18,31,21,27.4,33,21,29,21.1,69.8,1,100,4.17,rain,0,0,15.4,32.2,170.1,1010.6,83,6.1,238.6,20.5,9,,2021-03-18T06:35:13,2021-03-18T18:41:00,0.16,"Rain, Partially cloudy",Partly cloudy throughout the day with afternoon rain.,rain,"65125099999,DNAA,remote,65112599999"
abuja,2021-03-19,32,24,27.9,36.5,24,29.6,21.7,70.5,1.3,100,8.33,rain,0,0,16.1,18.3,238.7,1010.7,74.5,6.1,262.5,22.7,9,,2021-03-19T06:34:41,2021-03-19T18:40:58,0.2,"Rain, Partially cloudy",Partly cloudy throughout the day with rain.,rain,"65125099999,DNAA,65112599999,remote"
abuja,2021-03-20,36,22,28.1,39.7,22,29.7,21.7,70.2,5.2,100,16.67,rain,0,0,17,12.8,219.8,1010.4,79.5,6,246.4,21.1,8,,2021-03-20T06:34:08,2021-03-20T18:40:55,0.23,"Rain, Partially cloudy",Partly cloudy throughout the day with rain.,rain,"65125099999,DNAA,65112599999,remote"
abuja,2021-03-21,33,22.6,27.5,36.1,22.6,29,21.3,71.5,10,100,4.17,rain,0,0,18.6,9.2,237.3,1009.5,76.9,6.2,255.8,22,9,,2021-03-21T06:33:35,2021-03-21T18:40:53,0.25,"Rain, Partially cloudy",Partly cloudy throughout the day with early morning rain.,rain,"65125099999,DNAA,65112599999,remote"
abuja,2021-03-22,34,24.4,28.8,38.2,24.4,31.3,22.6,70.5,0,0,0,,0,0,19.5,8.1,215.2,1009,57.9,6.2,223.9,19.3,8,,2021-03-22T06:33:02,2021-03-22T18:40:50,0.29,Partially cloudy,Partly cloudy throughout the day.,partly-cloudy-day,"65125099999,DNAA,65112599999,remote"
abuja,2021-03-23,34,26,28.9,38.3,26,31.5,22,67,0,0,0,,0,0,15.7,16.1,240.9,1011.3,63.5,6.2,166.4,14.4,7,,2021-03-23T06:32:29,2021-03-23T18:40:47,0.33,Partially cloudy,Partly cloudy throughout the day.,partly-cloudy-day,"65125099999,DNAA,65112599999"
abuja,2021-03-24,32.6,24.9,28.1,35.7,24.9,29.6,20.2,63.3,0,0,0,,0,0,14.8,10.3,236.2,1012.1,56.6,6.2,278.4,24.1,10,,2021-03-24T06:31:55,2021-03-24T18:40:44,0.36,Partially cloudy,Partly cloudy throughout the day.,partly-cloudy-day,"65125099999,DNAA,65112599999,remote"
abuja,2021-03-25,33,25,28.3,36.1,25,30.4,22,69.2,0,0,0,,0,0,15.9,8.1,219.7,1012.3,78.2,6.2,230.2,19.9,9,,2021-03-25T06:31:22,2021-03-25T18:40:41,0.39,Partially cloudy,Partly cloudy throughout the day.,partly-cloudy-day,"65125099999,DNAA,65112599999,remote"
abuja,2021-03-26,37,24.6,30.4,39,24.6,31.2,17.7,53.7,0,0,0,,0,0,15.2,18.3,25.5,1011.5,60.9,6.2,291.6,25.1,9,,2021-03-26T06:30:49,2021-03-26T18:40:38,0.42,Partially cloudy,Partly cloudy throughout the day.,partly-cloudy-day,"65125099999,DNAA,65112599999,remote"
abuja,2021-03-27,37,26,31.3,34.8,26,29.8,7.3,23.7,0,0,0,,0,0,14.8,11.4,98.1,1011.5,3.2,3.2,315.2,27.1,10,,2021-03-27T06:30:16,2021-03-27T18:40:35,0.46,Clear,Clear conditions throughout the day.,clear-day,"65125099999,DNAA,65112599999,remote"
abuja,2021-03-28,38,25,31.7,35.7,25,30.1,5.8,20.2,0,0,0,,0,0,18.8,12.8,21,1011.7,7.5,1,314.8,27.1,10,,2021-03-28T06:29:43,2021-03-28T18:40:32,0.5,Clear,Clear conditions throughout the day.,clear-day,"65125099999,DNAA,65112599999"
abuja,2021-03-29,38,26,32,36.3,26,30.5,8.5,24.6,0,0,0,,0,0,13.9,40.3,58,1011.6,16.9,0.7,312.5,27,10,,2021-03-29T06:29:10,2021-03-29T18:40:29,0.52,Clear,Clear conditions throughout the day.,wind,"65125099999,DNAA,65112599999,remote"
abuja,2021-03-30,38,26.6,31.1,35.7,26.2,29.9,9.1,26.8,0,0,0,,0,0,15.7,12.8,30.8,1010.9,21.4,0.6,310.7,26.7,10,,2021-03-30T06:28:37,2021-03-30T18:40:26,0.56,Partially cloudy,Partly cloudy throughout the day.,fog,"65125099999,DNAA,remote,65112599999"
abuja,2021-03-31,38,25,31.8,36.1,25,30.6,9.1,25.5,0,0,0,,0,0,18.1,8.1,63.3,1010.4,14.5,0.9,312.5,27.1,10,,2021-03-31T06:28:04,2021-03-31T18:40:23,0.59,Clear,Clear conditions throughout the day.,clear-day,"65125099999,DNAA,65112599999,remote"
abuja,2021-04-01,38,25,30.9,36.1,25,29.9,10.4,30,0,0,0,,0,0,14.1,11.4,57.4,1011.2,3.3,1.7,315.6,27.3,10,,2021-04-01T06:27:31,2021-04-01T18:40:20,0.63,Clear,Clear conditions throughout the day.,clear-day,"65125099999,DNAA,65112599999"
abuja,2021-04-02,38,25,31.5,36.6,25,30.3,7.9,24,0,0,0,,0,0,18.8,14.1,66.3,1011.2,4.1,3.9,317.6,27.6,10,,2021-04-02T06:26:58,2021-04-02T18:40:18,0.66,Clear,Clear conditions throughout the day.,clear-day,"65125099999,DNAA,65112599999,remote"
abuja,2021-04-03,38,25,31.6,36.4,25,30.5,8.9,26,0,0,0,,0,0,17.9,10.3,106,1010.6,10.3,4.6,311.5,27.1,10,,2021-04-03T06:26:26,2021-04-03T18:40:15,0.7,Clear,Clear conditions throughout the day.,clear-day,"65125099999,DNAA,65112599999,remote"
abuja,2021-04-04,39,25,31,39.2,25,31,14,36.6,0,0,0,,0,0,13,10.3,175.3,1010.4,10.3,5,312.6,27.1,10,,2021-04-04T06:25:54,2021-04-04T18:40:13,0.75,Clear,Clear conditions throughout the day.,clear-day,"65125099999,DNAA,remote,65112599999"
abuja,2021-04-05,37.4,24.7,31.5,38.9,24.7,32.2,16.6,41.8,0,0,0,,0,0,17.4,6.9,140.6,1009.7,46.6,5.9,296.7,25.7,10,,2021-04-05T06:25:21,2021-04-05T18:40:10,0.77,Partially cloudy,Partly cloudy throughout the day.,partly-cloudy-day,"65125099999,DNAA,remote,65112599999"
abuja,2021-04-06,38,23,31.8,42.1,23,34,19.4,49.2,0,0,0,,0,0,17,13.9,197.7,1009.5,40.4,5.4,289.9,25.2,10,,2021-04-06T06:24:50,2021-04-06T18:40:08,0.8,Partially cloudy,Partly cloudy throughout the day.,partly-cloudy-day,"65125099999,DNAA,remote,65112599999"
abuja,2021-04-07,38,26.6,31.7,42.1,26.6,34.7,21.2,55.4,0,0,0,,0,0,15.2,11.4,214.5,1010.1,41.8,6.1,279.9,24.4,10,,2021-04-07T06:24:18,2021-04-07T18:40:06,0.84,Partially cloudy,Becoming cloudy in the afternoon.,partly-cloudy-day,"65125099999,DNAA,65112599999,remote"
abuja,2021-04-08,39.7,27.4,32.4,44.5,28.1,35.5,20.6,51.7,0,0,0,,0,0,14.8,9.2,234.7,1009.1,24.5,6.1,284.9,24.7,10,,2021-04-08T06:23:47,2021-04-08T18:40:04,0.87,Partially cloudy,Partly cloudy throughout the day.,partly-cloudy-day,"65125099999,DNAA,65112599999,remote"
abuja,2021-04-09,36,26.6,30.1,44.6,26.6,32.8,21.5,60.9,0.2,100,4.17,rain,0,0,18.6,11.4,208.7,1009.1,53.5,6.2,266.3,22.9,10,,2021-04-09T06:23:16,2021-04-09T18:40:03,0.91,"Rain, Partially cloudy",Partly cloudy throughout the day with late afternoon rain.,rain,"65125099999,DNAA,remote,65112599999"
abuja,2021-04-10,37,25,30.7,42.1,25,33.2,21.3,59.6,0.5,100,4.17,rain,0,0,15,17.2,185,1008.3,45.8,6.2,283.6,24.5,10,,2021-04-10T06:22:45,2021-04-10T18:40:01,0.94,"Rain, Partially cloudy",Clearing in the afternoon with late afternoon rain.,rain,"65125099999,DNAA,remote,65112599999"
abuja,2021-04-11,38,25,29.1,42.3,25,30.7,20,59.5,0,0,0,,0,0,17.4,17.2,178.2,1008.9,63.5,5.9,282.5,24.5,9,,2021-04-11T06:22:15,2021-04-11T18:40:00,0.98,Partially cloudy,Partly cloudy throughout the day.,partly-cloudy-day,"65125099999,DNAA,remote,65112599999"
abuja,2021-04-12,36,22,29.7,38.9,22,31.4,20.2,59.3,5,100,4.17,rain,0,0,14.3,9.2,206.8,1010.5,58.9,6.2,257.6,22.2,9,,2021-04-12T06:21:45,2021-04-12T18:39:59,0,"Rain, Partially cloudy",Partly cloudy throughout the day with morning rain.,rain,"65125099999,DNAA,remote,65112599999"
abuja,2021-04-13,37,26,31.3,41,26,33.8,21.3,57.6,0,0,0,,0,0,16.1,9.2,199,1011.3,46.9,6.2,288.5,25,10,,2021-04-13T06:21:15,2021-04-13T18:39:58,0.04,Partially cloudy,Partly cloudy throughout the day.,partly-cloudy-day,"65125099999,DNAA,65112599999,remote"
abuja,2021-04-14,36,25,29.9,40.8,25,32.7,21.9,63.9,0,0,0,,0,0,17.9,15,201.3,1011.4,65.2,6.1,292.2,25.1,10,,2021-04-14T06:20:46,2021-04-14T18:39:58,0.08,Partially cloudy,Partly cloudy throughout the day.,partly-cloudy-day,"65125099999,DNAA,65112599999,remote"
abuja,2021-04-15,38,25.1,31.4,41,25.1,33.2,20.2,55.2,0,0,0,,0,0,13.4,12.8,194.4,1010.3,42.7,6.2,275.4,24,10,,2021-04-15T06:20:17,2021-04-15T18:39:58,0.11,Partially cloudy,Partly cloudy throughout the day.,partly-cloudy-day,"65125099999,DNAA,65112599999,remote"
abuja,2021-04-16,37.5,27,32.1,41.9,28.8,34.6,20.2,51.8,0,0,0,,0,0,15.2,11.4,187,1008.2,52.8,6.2,299.8,25.9,10,,2021-04-16T06:19:49,2021-04-16T18:39:58,0.14,Partially cloudy,Partly cloudy throughout the day.,partly-cloudy-day,"65125099999,DNAA,65112599999,remote"
abuja,2021-04-17,36,27,30.3,40.8,29.1,33.3,21.5,60.4,2.3,100,8.33,rain,0,0,17,11.4,232,1009.7,48.8,6.2,259.6,22.5,8,,2021-04-17T06:19:21,2021-04-17T18:39:58,0.18,"Rain, Partially cloudy",Partly cloudy throughout the day with rain.,rain,"65125099999,DNAA,65112599999"
abuja,2021-04-18,32.1,22,28.4,35.8,22,30.4,21.2,65.9,0.5,100,4.17,rain,0,0,17.9,19.7,230.2,1010.8,70,5.9,240.8,20.9,8,,2021-04-18T06:18:53,2021-04-18T18:39:59,0.21,"Rain, Partially cloudy",Partly cloudy throughout the day with late afternoon rain.,rain,"65125099999,DNAA,remote,65112599999"
abuja,2021-04-19,36,24.9,29.9,38.9,24.9,31.4,21.5,64.3,0,0,0,,0,0,15,8.1,202.2,1010.7,82.4,6.2,289,25.1,10,,2021-04-19T06:18:26,2021-04-19T18:40:00,0.24,Partially cloudy,Partly cloudy throughout the day.,partly-cloudy-day,"65125099999,DNAA,65112599999,remote"
abuja,2021-04-20,36,26,30.6,37.8,26,32.9,21.2,59.6,0.1,100,4.17,rain,0,0,17,7.2,219.6,1009.3,53.9,6.2,289.2,25.1,10,,2021-04-20T06:18:00,2021-04-20T18:40:01,0.25,"Rain, Partially cloudy",Clearing in the afternoon with late afternoon rain.,rain,"65125099999,DNAA,65112599999,remote"
abuja,2021-04-21,35,25,30.6,40.7,25,34.7,22.6,63,1.1,100,12.5,rain,0,0,16.3,26.4,211.4,1010.4,63.9,6,281.5,24.2,10,,2021-04-21T06:17:34,2021-04-21T18:40:03,0.31,"Rain, Partially cloudy",Partly cloudy throughout the day with late afternoon rain.,rain,"65125099999,DNAA,remote,65112599999"
abuja,2021-04-22,36.1,24,28.5,38.9,24,29.7,21,66.9,4.2,100,12.5,rain,0,0,16.6,8.1,232.9,1011.2,49.6,6.2,197.5,16.9,7,,2021-04-22T06:17:08,2021-04-22T18:40:05,0.34,"Rain, Partially cloudy",Partly cloudy throughout the day with rain.,rain,"65125099999,DNAA,65112599999"
abuja,2021-04-23,36,25,30.6,38.9,25,32.5,20.7,57.7,0.2,100,4.17,rain,0,0,16.8,9.2,213.9,1010.4,64.7,6.2,280.9,24.3,10,,2021-04-23T06:16:43,2021-04-23T18:40:08,0.38,"Rain, Partially cloudy",Partly cloudy throughout the day with late afternoon rain.,rain,"65125099999,DNAA,65112599999"
abuja,2021-04-24,35,27,30.3,38.5,29.2,33.5,22.1,62.5,3,100,8.33,rain,0,0,17.4,12.8,205.6,1010.2,55.8,6.2,273.8,23.6,9,,2021-04-24T06:16:19,2021-04-24T18:40:10,0.41,"Rain, Partially cloudy",Becoming cloudy in the afternoon with rain.,rain,"65125099999,DNAA,65112599999,remote"
abuja,2021-04-25,37,25.6,30.6,42.1,25.6,33.6,22.5,64.4,0.1,100,4.17,rain,0,0,17.7,9.2,182.1,1010.1,37.6,6.2,281.3,24.2,10,,2021-04-25T06:15:55,2021-04-25T18:40:14,0.44,"Rain, Partially cloudy",Clearing in the afternoon with late afternoon rain.,rain,"65125099999,DNAA,65112599999"
abuja,2021-04-26,36,23.6,29,42.3,23.6,32,22.4,69.1,0.7,100,4.17,rain,0,0,14.5,25.3,224.6,1010.2,75.9,6,271.4,23.4,9,,2021-04-26T06:15:32,2021-04-26T18:40:17,0.48,"Rain, Partially cloudy",Partly cloudy throughout the day with late afternoon rain.,rain,"65125099999,DNAA,65112599999,remote"
abuja,2021-04-27,34,25,27.9,40.5,25,30.1,23.1,76.3,1.2,100,4.17,rain,0,0,14.8,27.7,190.9,1008.9,49.3,6.2,283.7,24.6,10,,2021-04-27T06:15:10,2021-04-27T18:40:21,0.5,"Rain, Partially cloudy",Partly cloudy throughout the day with late afternoon rain.,rain,"65125099999,DNAA,65112599999"
abuja,2021-04-28,34,22.2,28.2,38.2,22.2,30.2,21.8,70.4,0.2,100,4.17,rain,0,0,24.6,11.4,220.9,1009.5,62,6.2,256.8,22.2,9,,2021-04-28T06:14:48,2021-04-28T18:40:25,0.54,"Rain, Partially cloudy",Partly cloudy throughout the day with early morning rain.,rain,"65125099999,DNAA,remote,65112599999"
abuja,2021-04-29,37,24.5,30,42,24.5,32.5,22,64.6,0,0,0,,0,0,14.5,8.1,231.3,1010,71.7,6.2,292.6,25.2,10,,2021-04-29T06:14:26,2021-04-29T18:40:30,0.58,Partially cloudy,Partly cloudy throughout the day.,partly-cloudy-day,"65125099999,DNAA,65112599999,remote"
abuja,2021-04-30,36,25.9,30.5,40.8,25.9,33.6,22.2,62.4,0,0,0,,0,0,13.9,10.3,221.6,1010,65.6,6.2,293.7,25.6,10,,2021-04-30T06:14:06,2021-04-30T18:40:35,0.61,Partially cloudy,Partly cloudy throughout the day.,partly-cloudy-day,"65125099999,DNAA,remote,65112599999"
abuja,2021-05-01,37,26,31.6,42.1,26,35.7,22.8,61.3,0,0,0,,0,0,13.4,11.4,233.9,1009.5,51,6.2,285.1,24.5,10,,2021-05-01T06:13:46,2021-05-01T18:40:41,0.65,Partially cloudy,Partly cloudy throughout the day.,partly-cloudy-day,"65125099999,DNAA,65112599999,remote"
abuja,2021-05-02,35,26.9,30.9,41.8,29.5,35.9,23.7,66.3,0,0,0,,0,0,14.5,10.3,215,1009.4,74,6.2,276,23.8,9,,2021-05-02T06:13:26,2021-05-02T18:40:46,0.68,Partially cloudy,Partly cloudy throughout the day.,partly-cloudy-day,"65125099999,DNAA,65112599999,remote"
abuja,2021-05-03,34,23.9,28.7,40.6,23.9,32.2,23.3,74,10.3,100,37.5,rain,0,0,16.6,11.4,220.1,1009.6,78.4,6.1,233.1,20.1,8,,2021-05-03T06:13:08,2021-05-03T18:40:53,0.75,"Rain, Partially cloudy",Partly cloudy throughout the day with rain.,rain,"65125099999,DNAA,remote,65112599999"
abuja,2021-05-04,32,24,27.7,37.9,24,30,22.8,75.4,2,100,4.17,rain,0,0,15.4,12.8,222.1,1010.4,59.2,6.2,264.1,23,9,,2021-05-04T06:12:50,2021-05-04T18:40:59,0.75,"Rain, Partially cloudy",Partly cloudy throughout the day with early morning rain.,rain,"65125099999,DNAA,remote,65112599999"
abuja,2021-05-05,36,25.3,29.1,40.8,25.3,31.6,22.5,69.3,0.7,100,12.5,rain,0,0,15,19.7,222.8,1010.6,45.9,6.2,269.8,23.5,10,,2021-05-05T06:12:32,2021-05-05T18:41:07,0.78,"Rain, Partially cloudy",Clearing in the afternoon with rain.,rain,"65125099999,DNAA,remote,65112599999"
abuja,2021-05-06,31,25,27.6,34.6,25,29.2,21.6,70.4,0,0,0,,0,0,19.7,11.4,233.3,1011.8,53.2,6.2,169.8,14.6,5,,2021-05-06T06:12:16,2021-05-06T18:41:14,0.82,Partially cloudy,Partly cloudy throughout the day.,partly-cloudy-day,"65125099999,DNAA,65112599999,remote"
abuja,2021-05-07,34,23.5,28,36.5,23.5,29.3,20.8,66.6,0,0,0,,0,0,17.2,11.4,170,1013.2,49.6,6.2,215.7,18.6,7,,2021-05-07T06:12:00,2021-05-07T18:41:22,0.85,Partially cloudy,Partly cloudy throughout the day.,partly-cloudy-day,"65125099999,DNAA,65112599999,remote"
abuja,2021-05-08,33,23,28.2,37,23,30,22.1,71.5,16,100,20.83,rain,0,0,15.2,22.7,178.8,1013.6,60.6,6.1,278.8,24,9,,2021-05-08T06:11:45,2021-05-08T18:41:30,0.89,"Rain, Partially cloudy",Becoming cloudy in the afternoon with late afternoon rain.,rain,"65125099999,DNAA,remote,65112599999"
abuja,2021-05-09,31,22.8,26.1,36.5,22.8,27.8,22.3,80.3,19,100,4.17,rain,0,0,12.8,13.9,280.2,1013.8,63.7,6.2,173.4,15,5,,2021-05-09T06:11:31,2021-05-09T18:41:39,0.92,"Rain, Partially cloudy",Partly cloudy throughout the day with early morning rain.,rain,"65125099999,DNAA,remote,65112599999"
abuja,2021-05-10,32,23,27.2,35.8,23,28.9,21.7,73.4,8,100,4.17,rain,0,0,17.2,13.9,116.8,1013.6,44,6.2,208.7,18,7,,2021-05-10T06:11:17,2021-05-10T18:41:48,0.95,"Rain, Partially cloudy",Clearing in the afternoon with early morning rain.,rain,"65125099999,DNAA,65112599999,remote"
abuja,2021-05-11,34.4,24.6,28.7,39.4,24.6,31.1,22.6,71.3,0.2,100,8.33,rain,0,0,13.6,9.2,216.1,1013.1,39.9,6.3,299.5,25.8,10,,2021-05-11T06:11:04,2021-05-11T18:41:58,0,"Rain, Partially cloudy",Partly cloudy throughout the day with rain.,rain,"65125099999,DNAA,65112599999,remote"
abuja,2021-05-12,31,25,28,36.5,25,30.9,23.6,77.8,0.5,100,4.17,rain,0,0,15.2,10.3,187,1012.4,45.5,6.2,244.9,21.3,7,,2021-05-12T06:10:52,2021-05-12T18:42:08,0.02,"Rain, Partially cloudy",Partly cloudy throughout the day with late afternoon rain.,rain,"65125099999,DNAA,65112599999,remote"
abuja,2021-05-13,31,24.9,27.7,34.5,24.9,30.1,22.8,75.4,0,0,0,,0,0,16.3,13.9,176.9,1012.1,59.1,6.2,205.9,17.8,7,,2021-05-13T06:10:41,2021-05-13T18:42:18,0.06,Partially cloudy,Partly cloudy throughout the day.,partly-cloudy-day,"65125099999,DNAA,remote,65112599999"
abuja,2021-05-14,34,23.5,28.9,39.3,23.5,31.2,21.9,67.3,0.1,100,4.17,rain,0,0,15.9,12.8,175.7,1011.2,42.7,6.2,301.4,25.9,10,,2021-05-14T06:10:30,2021-05-14T18:42:28,0.09,"Rain, Partially cloudy",Partly cloudy throughout the day with late afternoon rain.,rain,"65125099999,DNAA,remote,65112599999"
abuja,2021-05-15,32,25,27.5,33.9,25,28.8,21.3,70,0.6,100,4.17,rain,0,0,17.2,32.2,124.7,1011.8,43.7,6.1,276.7,23.7,9,,2021-05-15T06:10:20,2021-05-15T18:42:39,0.12,"Rain, Partially cloudy",Partly cloudy throughout the day with afternoon rain.,rain,"65125099999,DNAA,65112599999,remote"
abuja,2021-05-16,36,23,28.2,40.8,23,30.6,22.3,72.2,0.2,100,4.17,rain,0,0,12.8,9.2,213.4,1011.8,69.2,6.2,276.4,23.8,9,,2021-05-16T06:10:11,2021-05-16T18:42:51,0.16,"Rain, Partially cloudy",Partly cloudy throughout the day with late afternoon rain.,rain,"65125099999,DNAA,remote,65112599999"
abuja,2021-05-17,34,25.5,29.2,38.3,25.5,32,22.6,68.7,5.2,100,8.33,rain,0,0,15.9,10.3,189.6,1011.8,66.4,6.2,228.2,19.8,7,,2021-05-17T06:10:03,2021-05-17T18:43:03,0.19,"Rain, Partially cloudy",Partly cloudy throughout the day with rain.,rain,"65125099999,DNAA,65112599999,remote"
abuja,2021-05-18,34.4,25.4,29.9,39.4,25.4,32.5,22.3,65.6,0.5,100,4.17,rain,0,0,22.4,10.3,189.2,1012.8,59.7,6.2,272.7,23.8,9,,2021-05-18T06:09:55,2021-05-18T18:43:15,0.23,"Rain, Partially cloudy",Partly cloudy throughout the day with afternoon rain.,rain,"65125099999,DNAA,65112599999,remote"
abuja,2021-05-19,36,22.7,29.5,41.9,22.7,32.7,22.6,67.7,9,100,4.17,rain,0,0,14.1,11.4,238,1012.4,59.9,6.2,288.8,24.8,10,,2021-05-19T06:09:48,2021-05-19T18:43:27,0.25,"Rain, Partially cloudy",Partly cloudy throughout the day with late afternoon rain.,rain,"65125099999,DNAA,65112599999,remote"
abuja,2021-05-20,34,24.9,28.2,40.6,24.9,30.7,23.2,75.4,0.2,100,8.33,rain,0,0,16.3,16.1,227.1,1012.8,65.9,6.2,230.6,20,8,,2021-05-20T06:09:42,2021-05-20T18:43:40,0.3,"Rain, Partially cloudy",Partly cloudy throughout the day with rain in the morning and afternoon.,rain,"65125099999,DNAA,remote,65112599999"
abuja,2021-05-21,34,22,28.1,39.4,22,30.5,23.2,76.9,2.3,100,16.67,rain,0,0,15,25.3,194.2,1012.8,63.7,5.9,284.2,24.7,9,,2021-05-21T06:09:37,2021-05-21T18:43:53,0.33,"Rain, Partially cloudy",Partly cloudy throughout the day with late afternoon rain.,rain,"65125099999,DNAA,65112599999,remote"
abuja,2021-05-22,32,22,26.5,35.7,22,28.5,22.4,80.3,29,100,4.17,rain,0,0,17.2,10.3,208.1,1014.1,45.3,6.2,239.4,20.6,8,,2021-05-22T06:09:33,2021-05-22T18:44:06,0.36,"Rain, Partially cloudy",Partly cloudy throughout the day with early morning rain.,rain,"65125099999,DNAA,65112599999,remote"
abuja,2021-05-23,33,23.7,28.2,40.6,23.7,31.4,23.8,78.4,1.9,100,12.5,rain,0,0,17,8.1,276.8,1013.4,63,6.2,277.1,24.2,9,,2021-05-23T06:09:29,2021-05-23T18:44:20,0.4,"Rain, Partially cloudy",Partly cloudy throughout the day with rain.,rain,"65125099999,DNAA,65112599999,remote"
abuja,2021-05-24,34,24,28.4,39.4,24,31,22.9,73.3,0.1,100,4.17,rain,0,0,13,9.2,211.9,1012.9,52.6,6.2,279.8,24.2,10,,2021-05-24T06:09:26,2021-05-24T18:44:33,0.43,"Rain, Partially cloudy",Partly cloudy throughout the day with late afternoon rain.,rain,"65125099999,DNAA,65112599999,remote"
abuja,2021-05-25,33,24,28.3,39.3,24,31.2,23.1,74.5,3,100,4.17,rain,0,0,15,13.9,205.6,1012.3,52.7,6.1,233.5,20.1,8,,2021-05-25T06:09:24,2021-05-25T18:44:48,0.47,"Rain, Partially cloudy",Partly cloudy throughout the day with early morning rain.,rain,"65125099999,DNAA,65112599999,remote"
abuja,2021-05-26,32,24,27.6,39.2,24,30.8,23.5,78.7,13,100,4.17,rain,0,0,16.3,21.9,197,1012.4,56.3,6.2,244,21.1,9,,2021-05-26T06:09:22,2021-05-26T18:45:02,0.5,"Rain, Partially cloudy",Partly cloudy throughout the day with early morning rain.,rain,"65125099999,DNAA,65112599999,remote"
abuja,2021-05-27,32,23,27.4,38,23,30.1,23.2,78.9,10,100,4.17,rain,0,0,14.3,15,245.7,1012.5,49.2,6,168.7,14.7,5,,2021-05-27T06:09:21,2021-05-27T18:45:16,0.53,"Rain, Partially cloudy",Partly cloudy throughout the day with morning rain.,rain,"65125099999,DNAA,65112599999"
abuja,2021-05-28,33.6,25.6,28.5,39.4,25.6,31.4,23.7,76.4,0.2,100,4.17,rain,0,0,13,5.8,214.2,1011.8,60.6,6.2,232.3,20.3,8,,2021-05-28T06:09:21,2021-05-28T18:45:31,0.57,"Rain, Partially cloudy",Partly cloudy throughout the day with late afternoon rain.,rain,"65125099999,DNAA,65112599999,remote"
abuja,2021-05-29,33,25,27.5,40.6,25,30.2,23.9,81.3,3,100,4.17,rain,0,0,19,9.2,11.2,1011.9,60.5,6.2,234.2,20.4,8,,2021-05-29T06:09:22,2021-05-29T18:45:46,0.6,"Rain, Partially cloudy",Partly cloudy throughout the day with early morning rain.,rain,"65125099999,DNAA,remote,65112599999"
abuja,2021-05-30,34,24.8,28.9,40.6,24.8,32,23.2,72.4,0,0,0,,0,0,12.8,8.1,201.3,1010.4,61.9,6.2,256.7,22.1,8,,2021-05-30T06:09:24,2021-05-30T18:46:01,0.63,Partially cloudy,Partly cloudy throughout the day.,partly-cloudy-day,"65125099999,DNAA,65112599999,remote"
abuja,2021-05-31,34,23,28.3,40.6,23,30.9,23.1,75.2,6,100,4.17,rain,0,0,14.3,25.3,179.5,1010.4,58.3,5.8,275.4,23.7,9,,2021-05-31T06:09:26,2021-05-31T18:46:16,0.67,"Rain, Partially cloudy",Partly cloudy throughout the day with late afternoon rain.,rain,"65125099999,DNAA,65112599999,remote"
abuja,2021-06-01,32,24,27.8,35.8,24,29.7,22.5,74.4,1.1,100,20.83,rain,0,0,17.7,15,138.6,1011.7,58.8,6.2,186,15.9,8,,2021-06-01T06:09:28,2021-06-01T18:46:32,0.7,"Rain, Partially cloudy",Partly cloudy throughout the day with rain.,rain,"65125099999,DNAA,65112599999,remote"
abuja,2021-06-02,33,25,28.8,39.3,25,31.9,23.3,73.4,0.8,100,20.83,rain,0,0,14.3,8.1,218.5,1012.2,68.3,6.2,246.7,21.4,8,,2021-06-02T06:09:32,2021-06-02T18:46:47,0.75,"Rain, Partially cloudy",Partly cloudy throughout the day with rain.,rain,"65125099999,DNAA,remote,65112599999"
abuja,2021-06-03,34,21,28,40.6,21,31,23.2,77.2,8,100,4.17,rain,0,0,11.9,58.8,36.8,1012.3,36.1,6,288.8,24.9,10,,2021-06-03T06:09:36,2021-06-03T18:47:03,0.77,"Rain, Partially cloudy",Partly cloudy throughout the day with late afternoon rain.,rain,"65125099999,DNAA,65112599999,remote"
abuja,2021-06-04,31,21,25.5,36.5,21,27,23,86.5,13,100,4.17,rain,0,0,17.4,9.2,185.2,1012.6,52.5,5.9,148.8,12.7,5,,2021-06-04T06:09:41,2021-06-04T18:47:18,0.8,"Rain, Partially cloudy",Partly cloudy throughout the day with late afternoon rain.,rain,"65125099999,DNAA,65112599999"
abuja,2021-06-05,30,22,25.5,34.1,22,26.5,22,82.3,0.4,100,16.67,rain,0,0,18.8,6.9,241.3,1013,40.6,6.2,233.2,20.1,8,,2021-06-05T06:09:46,2021-06-05T18:47:34,0.83,"Rain, Partially cloudy",Partly cloudy throughout the day with rain.,rain,"65125099999,DNAA,65112599999,remote"
abuja,2021-06-06,32,24,27.2,35.8,24,28.8,22.1,75.2,0.5,100,12.5,rain,0,0,13.4,8.1,242.1,1012.6,43.6,6.2,258.7,22.3,9,,2021-06-06T06:09:52,2021-06-06T18:47:50,0.87,"Rain, Partially cloudy",Partly cloudy throughout the day with rain.,rain,"65125099999,DNAA,remote,65112599999"
abuja,2021-06-07,32.7,24,28.5,37.9,24,31.3,23.4,75.6,0,0,0,,0,0,14.8,6.9,226.2,1012.2,45.8,6.2,262.1,22.7,9,,2021-06-07T06:09:59,2021-06-07T18:48:05,0.9,Partially cloudy,Partly cloudy throughout the day.,partly-cloudy-day,"65125099999,DNAA,65112599999,remote"
abuja,2021-06-08,30.3,22,26.6,35.1,22,28.3,22.3,77.8,2,100,4.17,rain,0,0,14.8,34.4,72.7,1011.8,52.8,6.1,177.4,15.2,7,,2021-06-08T06:10:06,2021-06-08T18:48:21,0.93,"Rain, Partially cloudy",Partly cloudy throughout the day with morning rain.,rain,"65125099999,DNAA,remote,65112599999"
abuja,2021-06-09,30,23,26,34.1,23,27,22.3,80.7,0,0,0,,0,0,20.1,9.2,208.7,1012.4,58.1,6.2,202.3,17.5,7,,2021-06-09T06:10:14,2021-06-09T18:48:36,0.97,Partially cloudy,Partly cloudy throughout the day.,partly-cloudy-day,"65125099999,DNAA,remote,65112599999"
abuja,2021-06-10,34,23.3,28.1,40.6,23.3,30.6,22.7,74.1,0,0,0,,0,0,12.5,8.1,286.3,1011.3,45.1,6.2,277.5,24.1,9,,2021-06-10T06:10:22,2021-06-10T18:48:52,0,Partially cloudy,Clearing in the afternoon.,partly-cloudy-day,"65125099999,DNAA,remote,65112599999"
abuja,2021-06-11,31.1,21.9,26.4,35.4,21.9,27.5,21.6,75.8,11,100,4.17,rain,0,0,18.8,6.9,207.4,1010.5,78.6,5.9,254.8,21.9,8,,2021-06-11T06:10:31,2021-06-11T18:49:07,0.04,"Rain, Partially cloudy",Partly cloudy throughout the day with morning rain.,rain,"65125099999,DNAA,65112599999,remote"
abuja,2021-06-12,33,22,25.9,37,22,27.2,22.2,81.5,9,100,4.17,rain,0,0,15.2,38,119,1013.9,60.8,6.1,254.9,21.8,9,,2021-06-12T06:10:40,2021-06-12T18:49:22,0.07,"Rain, Partially cloudy",Partly cloudy throughout the day with late afternoon rain.,rain,"65125099999,DNAA,65112599999,remote"
abuja,2021-06-13,32,21,26.1,39.2,21,28.8,22.8,82.6,0,0,0,,0,0,19.7,8.1,136.5,1014.1,44.3,6.2,273.6,23.4,9,,2021-06-13T06:10:50,2021-06-13T18:49:37,0.1,Partially cloudy,Partly cloudy throughout the day.,partly-cloudy-day,"65125099999,DNAA,65112599999,remote"
abuja,2021-06-14,33,25,28.4,40.5,25,31.8,24.5,80.3,1.6,100,12.5,rain,0,0,17,9.2,238.5,1013.4,50.6,6.2,232.7,20.1,7,,2021-06-14T06:11:00,2021-06-14T18:49:52,0.14,"Rain, Partially cloudy",Partly cloudy throughout the day with rain.,rain,"65125099999,DNAA,65112599999,remote"
abuja,2021-06-15,33,23,26.6,37.4,23,28.4,23.5,84.3,3,100,4.17,rain,0,0,17.9,10.3,224.7,1013.2,70.7,6.2,227.6,19.6,9,,2021-06-15T06:11:11,2021-06-15T18:50:07,0.17,"Rain, Partially cloudy",Partly cloudy throughout the day with late afternoon rain.,rain,"65125099999,DNAA,remote,65112599999"
abuja,2021-06-16,29.2,22,25.4,32.8,22,26.3,22,81.9,0,0,0,,0,0,14.5,12.8,187.8,1013.6,63.4,6.2,179.3,15.2,6,,2021-06-16T06:11:22,2021-06-16T18:50:22,0.21,Partially cloudy,Partly cloudy throughout the day.,partly-cloudy-day,"65125099999,DNAA,65112599999,remote"
abuja,2021-06-17,31,23.8,27.2,35.5,23.8,29.5,23,78.5,3,100,16.67,rain,0,0,11.4,8.1,272.4,1015.3,65.5,6.2,192.3,16.7,7,,2021-06-17T06:11:33,2021-06-17T18:50:36,0.24,"Rain, Partially cloudy",Partly cloudy throughout the day with rain.,rain,"65125099999,DNAA,remote,65112599999"
abuja,2021-06-18,31,25,27.4,35.5,25,29.3,22.5,75.4,0,0,0,,0,0,12.3,12.8,114.5,1014.8,58.5,6.2,263.3,22.6,9,,2021-06-18T06:11:45,2021-06-18T18:50:50,0.25,Partially cloudy,Partly cloudy throughout the day.,partly-cloudy-day,"65125099999,DNAA,65112599999,remote"
abuja,2021-06-19,32,22.7,27,35.8,22.7,28.9,22.2,76.3,8.3,100,29.17,rain,0,0,13.6,8.1,207.8,1014.4,44.2,6.2,179.2,15.4,6,,2021-06-19T06:11:58,2021-06-19T18:51:03,0.31,"Rain, Partially cloudy",Partly cloudy throughout the day with rain.,rain,"65125099999,DNAA,65112599999,remote"
abuja,2021-06-20,32,24.1,26.9,36.8,24.1,28.1,23.4,82.4,4,100,4.17,rain,0,0,13.2,30,184.5,1014.2,57.2,6.2,164,14.1,6,,2021-06-20T06:12:10,2021-06-20T18:51:17,0.35,"Rain, Partially cloudy",Partly cloudy throughout the day with late afternoon rain.,rain,"65125099999,DNAA,65112599999,remote"
abuja,2021-06-21,29,23,26.1,32.8,23,27.4,23.1,84,3.6,100,50,rain,0,0,13,9.2,234.7,1014.4,82.8,6.2,193.7,16.8,8,,2021-06-21T06:12:23,2021-06-21T18:51:30,0.38,"Rain, Partially cloudy",Partly cloudy throughout the day with a chance of rain throughout the day.,rain,"65125099999,DNAA,65112599999,remote"
abuja,2021-06-22,25.9,20,23.4,25.9,20,23.4,21.3,87.8,13,100,4.17,rain,0,0,11.9,13.9,185.6,1014,74,5.3,181.2,15.6,6,,2021-06-22T06:12:36,2021-06-22T18:51:43,0.42,"Rain, Partially cloudy",Partly cloudy throughout the day with afternoon rain.,rain,"65125099999,DNAA,remote,65112599999"
abuja,2021-06-23,29.6,21.7,25.1,32.8,21.7,25.8,22,83.7,5.6,100,41.67,rain,0,0,15.4,13.4,171,1013,69.1,6.2,228.2,19.7,8,,2021-06-23T06:12:50,2021-06-23T18:51:55,0.45,"Rain, Partially cloudy",Partly cloudy throughout the day with a chance of rain throughout the day.,rain,"65125099999,remote"
abuja,2021-06-24,30.2,22.4,25.5,34.2,22.4,26.7,21.9,81,5.4,100,25,rain,0,0,17,8.1,168.2,1013.5,67.6,6.2,202.1,17.4,7,,2021-06-24T06:13:03,2021-06-24T18:52:07,0.5,"Rain, Partially cloudy",Partly cloudy throughout the day with rain.,rain,"65125099999,remote"
abuja,2021-06-25,31.5,22.6,26.7,35.1,22.6,28.2,22,76.8,4.9,100,20.83,rain,0,0,17,3.1,219.2,1012,29.5,,271.8,23.4,9,,2021-06-25T06:13:17,2021-06-25T18:52:18,0.52,"Rain, Partially cloudy",Partly cloudy throughout the day with rain.,rain,remote
abuja,2021-06-26,30.7,22.7,25.9,33.8,22.7,26.9,21.9,79.2,8.6,100,33.33,rain,0,0,21.7,8.5,142.3,1011.1,97.3,,237.4,20.4,9,,2021-06-26T06:13:31,2021-06-26T18:52:29,0.56,"Rain, Overcast",Cloudy skies throughout the day with rain.,rain,remote
abuja,2021-06-27,29.3,21.8,25.4,31.1,21.8,26.1,21.1,78.7,3.5,100,12.5,rain,0,0,14.5,6,198.1,1011.6,86.4,,190.7,16.4,7,,2021-06-27T06:13:46,2021-06-27T18:52:40,0.59,"Rain, Partially cloudy",Partly cloudy throughout the day with rain clearing later.,rain,remote
abuja,2021-06-28,28.2,22.1,24.8,31.5,22.1,25.4,21.8,83.7,3,100,4.17,rain,0,0,12.8,20.8,163.6,1013.7,89.5,5.5,244.6,21,8,,2021-06-28T06:14:00,2021-06-28T18:52:49,0.62,"Rain, Partially cloudy",Partly cloudy throughout the day with late afternoon rain.,rain,"65125099999,remote"
abuja,2021-06-29,30.2,22.2,25.5,33.8,22.2,26.5,22.1,82.2,14.9,100,45.83,rain,0,0,12.3,5.8,244.1,1014.5,73.8,6.2,229.7,19.9,9,,2021-06-29T06:14:15,2021-06-29T18:52:59,0.65,"Rain, Partially cloudy",Partly cloudy throughout the day with a chance of rain throughout the day.,rain,"65125099999,remote"
abuja,2021-06-30,29,23.5,26,33.6,23.5,27.3,22.8,83.2,1.1,100,25,rain,0,0,11,8.1,195.7,1015.3,67.6,6.2,206.3,17.6,7,,2021-06-30T06:14:29,2021-06-30T18:53:08,0.69,"Rain, Partially cloudy",Partly cloudy throughout the day with rain.,rain,"65125099999,DNAA,remote,65112599999"
abuja,2021-07-01,30,23,25.8,33.4,23,26.8,22.1,81,4,100,4.17,rain,0,0,15.2,26.4,316.6,1014.7,58.1,5.7,200,17.3,7,,2021-07-01T06:14:44,2021-07-01T18:53:16,0.75,"Rain, Partially cloudy",Partly cloudy throughout the day with afternoon rain.,rain,"65125099999,DNAA,65112599999,remote"
abuja,2021-07-02,31,24,26,35.5,24,27.4,23.1,84.6,7.5,100,20.83,rain,0,0,14.5,8.1,234.7,1014.1,75,6.2,214.5,18.6,8,,2021-07-02T06:14:59,2021-07-02T18:53:24,0.75,"Rain, Partially cloudy",Partly cloudy throughout the day with rain.,rain,"65125099999,DNAA,65112599999,remote"
abuja,2021-07-03,26,21,23.9,26,21,23.9,22,89.4,10,100,4.17,rain,0,0,18.1,11.4,228.6,1014.3,68.4,6,193.6,16.8,7,,2021-07-03T06:15:13,2021-07-03T18:53:31,0.78,"Rain, Partially cloudy",Partly cloudy throughout the day with afternoon rain.,rain,"65125099999,DNAA,remote,65112599999"
abuja,2021-07-04,29.1,22,25.4,32.7,22,26.6,22,82.3,0.2,100,4.17,rain,0,0,13,12.8,200.4,1015.9,72,6.2,242,20.8,8,,2021-07-04T06:15:28,2021-07-04T18:53:38,0.82,"Rain, Partially cloudy",Partly cloudy throughout the day with late afternoon rain.,rain,"65125099999,DNAA,65112599999,remote"
abuja,2021-07-05,30,22,25.8,33.2,22,26.8,21.8,79.7,0.2,100,8.33,rain,0,0,15.2,8.1,257.4,1016,50.1,6.2,214.4,18.5,9,,2021-07-05T06:15:43,2021-07-05T18:53:44,0.85,"Rain, Partially cloudy",Partly cloudy throughout the day with afternoon rain.,rain,"65125099999,DNAA,remote,65112599999"
abuja,2021-07-06,29,20,23.8,32.7,20,24.2,21.4,86.7,5,100,4.17,rain,0,0,17.9,8.1,198.1,1014.6,66.1,6.2,184.1,15.9,7,,2021-07-06T06:15:58,2021-07-06T18:53:49,0.88,"Rain, Partially cloudy",Partly cloudy throughout the day with late afternoon rain.,rain,"65125099999,DNAA,65112599999,remote"
abuja,2021-07-07,30,21,25.7,34.1,21,27.1,21.9,81.2,0.3,100,8.33,rain,0,0,18.3,10.3,181.6,1013.4,73.8,6.2,213.8,18.6,7,,2021-07-07T06:16:12,2021-07-07T18:53:54,0.92,"Rain, Partially cloudy",Partly cloudy throughout the day with rain in the morning and afternoon.,rain,"65125099999,DNAA,65112599999,remote"
abuja,2021-07-08,32,23.9,26.2,35.8,23.9,27.4,22.6,81,4,100,4.17,rain,0,0,17.9,9.2,209.4,1014.2,68,6.2,226.6,19.6,8,,2021-07-08T06:16:27,2021-07-08T18:53:58,0.95,"Rain, Partially cloudy",Partly cloudy throughout the day with late afternoon rain.,rain,"65125099999,DNAA,65112599999,remote"
abuja,2021-07-09,28,23,25.3,30.7,23,26,22.3,83.9,8.6,100,41.67,rain,0,0,16.3,8.1,196.8,1015.4,56.7,6.2,139.6,12,5,,2021-07-09T06:16:41,2021-07-09T18:54:01,0.98,"Rain, Partially cloudy",Partly cloudy throughout the day with a chance of rain throughout the day.,rain,"65125099999,DNAA,65112599999,remote"
abuja,2021-07-10,29,22.1,25.1,32.7,22.1,25.8,22.4,85.7,2.8,100,41.67,rain,0,0,14.5,9.2,257.1,1015.1,76.2,6.2,185.6,15.9,6,,2021-07-10T06:16:56,2021-07-10T18:54:03,0,"Rain, Partially cloudy",Partly cloudy throughout the day with a chance of rain throughout the day.,rain,"65125099999,DNAA,remote,65112599999"
abuja,2021-07-11,31,23,26.4,35.5,23,28.2,22.9,81.9,0.3,100,12.5,rain,0,0,11.6,9.2,268.7,1014.9,73.9,6.1,222.8,19.2,8,,2021-07-11T06:17:10,2021-07-11T18:54:05,0.05,"Rain, Partially cloudy",Partly cloudy throughout the day with rain.,rain,"65125099999,DNAA,remote,65112599999"
abuja,2021-07-12,27,21,23.7,29.6,21,23.9,22.3,92.1,7,100,4.17,rain,0,0,13.2,17.2,134.1,1015.7,54.8,5.6,161.8,14,5,,2021-07-12T06:17:24,2021-07-12T18:54:06,0.09,"Rain, Partially cloudy",Partly cloudy throughout the day with afternoon rain.,rain,"65125099999,DNAA,65112599999,remote"
abuja,2021-07-13,27.4,21.8,24.2,29.6,21.8,24.6,21.5,85.4,14,100,8.33,rain,0,0,12.8,9.2,273.6,1014.8,69.1,6,205.4,17.5,7,,2021-07-13T06:17:37,2021-07-13T18:54:07,0.12,"Rain, Partially cloudy",Partly cloudy throughout the day with rain clearing later.,rain,"65125099999,DNAA,65112599999,remote"
abuja,2021-07-14,30,22,26,34.1,22,27.5,22.7,83.1,1.4,100,29.17,rain,0,0,14.1,8.1,273.1,1014,63.8,6,170.2,14.6,6,,2021-07-14T06:17:51,2021-07-14T18:54:06,0.16,"Rain, Partially cloudy",Partly cloudy throughout the day with rain.,rain,"65125099999,DNAA,65112599999,remote"
abuja,2021-07-15,27,21,24.2,29.6,21,24.4,22.2,88.5,2,100,4.17,rain,0,0,17.7,9.2,220.9,1013.3,66,6.1,192.1,16.7,6,,2021-07-15T06:18:04,2021-07-15T18:54:05,0.19,"Rain, Partially cloudy",Partly cloudy throughout the day with afternoon rain.,rain,"65125099999,DNAA,65112599999,remote"
abuja,2021-07-16,28.1,22.6,25.1,30.8,22.6,26,21.8,82.1,1.5,100,29.17,rain,0,0,20.8,13.9,175,1014,75.2,6.2,178.6,15.4,6,,2021-07-16T06:18:17,2021-07-16T18:54:03,0.23,"Rain, Partially cloudy",Partly cloudy throughout the day with a chance of rain throughout the day.,rain,"65125099999,DNAA,65112599999,remote"
abuja,2021-07-17,30,21.7,25.4,34.1,21.7,26.8,22,82.1,0.8,100,4.17,rain,0,0,19.7,8.1,250.8,1015.7,66.4,6.2,204.7,17.6,9,,2021-07-17T06:18:30,2021-07-17T18:54:01,0.25,"Rain, Partially cloudy",Partly cloudy throughout the day with morning rain.,rain,"65125099999,DNAA,65112599999,remote"
abuja,2021-07-18,30,23,26.2,34.1,23,27.6,22.8,82.2,0.4,100,16.67,rain,0,0,17.2,8.1,251.8,1014.6,63.3,6.1,226.2,19.6,8,,2021-07-18T06:18:43,2021-07-18T18:53:57,0.3,"Rain, Partially cloudy",Partly cloudy throughout the day with rain.,rain,"65125099999,DNAA,65112599999,remote"
abuja,2021-07-19,30,23.2,26.1,35.1,23.2,27.4,22.8,83.1,3,100,37.5,rain,0,0,16.1,10.3,229.3,1014.2,73.4,6.1,150.9,13,4,,2021-07-19T06:18:55,2021-07-19T18:53:53,0.33,"Rain, Partially cloudy",Partly cloudy throughout the day with rain.,rain,"65125099999,DNAA,65112599999,remote"
abuja,2021-07-20,30,22.8,26.4,34.1,22.8,27.8,23,82.2,2.6,100,45.83,rain,0,0,17,8.1,201.8,1015.6,63.4,6.2,187.8,16.2,6,,2021-07-20T06:19:07,2021-07-20T18:53:48,0.37,"Rain, Partially cloudy",Partly cloudy throughout the day with a chance of rain throughout the day.,rain,"65125099999,DNAA,65112599999,remote"
abuja,2021-07-21,30.4,23,26,34.7,23,27.2,22.7,82.5,4.1,100,37.5,rain,0,0,16.8,11.4,247.8,1017,71.2,6.2,181.2,15.7,7,,2021-07-21T06:19:18,2021-07-21T18:53:42,0.41,"Rain, Partially cloudy",Partly cloudy throughout the day with rain.,rain,"65125099999,DNAA,remote,65112599999"
abuja,2021-07-22,29,23,25.2,32,23,25.9,22.6,85.9,4.6,100,37.5,rain,0,0,15.9,12.8,258.5,1016.9,74.5,5.9,177.2,15.3,6,,2021-07-22T06:19:30,2021-07-22T18:53:35,0.44,"Rain, Partially cloudy",Partly cloudy throughout the day with rain.,rain,"65125099999,DNAA,65112599999,remote"
abuja,2021-07-23,27,23,25.4,29.6,23,26.3,22.6,84.5,4.7,100,58.33,rain,0,0,17.2,8.1,236.7,1016,54.6,6.1,178.1,15.5,7,,2021-07-23T06:19:40,2021-07-23T18:53:28,0.48,"Rain, Partially cloudy",Partly cloudy throughout the day with a chance of rain throughout the day.,rain,"65125099999,DNAA,remote,65112599999"
abuja,2021-07-24,26,22,24,26,22,24,22.9,93.7,22,100,4.17,rain,0,0,13.4,11.4,245.3,1015.4,69.7,5.3,120.5,10.3,5,,2021-07-24T06:19:51,2021-07-24T18:53:19,0.5,"Rain, Partially cloudy",Partly cloudy throughout the day with afternoon rain.,rain,"65125099999,DNAA,remote,65112599999"
abuja,2021-07-25,28,22,24.6,31.9,22,25.2,22.4,88.3,0,0,0,,0,0,15.7,13.9,269.7,1014.6,63.2,5.7,130.7,11.2,4,,2021-07-25T06:20:01,2021-07-25T18:53:10,0.54,Partially cloudy,Partly cloudy throughout the day.,partly-cloudy-day,"65125099999,DNAA,65112599999,remote"
abuja,2021-07-26,25.1,23,23.8,25.1,23,23.8,22.7,94.1,21,100,8.33,rain,0,0,18.1,11.4,217.6,1014.1,82.2,5.3,72.7,6.2,3,,2021-07-26T06:20:11,2021-07-26T18:53:01,0.58,"Rain, Partially cloudy",Partly cloudy throughout the day with rain.,rain,"65125099999,DNAA,remote,65112599999"
abuja,2021-07-27,25,22.1,23.7,25,22.1,23.7,21.6,88.2,3.8,100,33.33,rain,0,0,16.6,9.2,202.3,1014.5,73.7,6.2,71.1,6.2,3,,2021-07-27T06:20:20,2021-07-27T18:52:50,0.61,"Rain, Partially cloudy",Partly cloudy throughout the day with rain.,rain,"65125099999,DNAA,65112599999,remote"
abuja,2021-07-28,27,22,24,29.2,22,24.4,21.7,87.2,0.5,100,16.67,rain,0,0,11.2,9.2,239.9,1014.9,67,6.2,120.9,10.5,5,,2021-07-28T06:20:29,2021-07-28T18:52:38,0.64,"Rain, Partially cloudy",Partly cloudy throughout the day with rain.,rain,"65125099999,DNAA,65112599999,remote"
abuja,2021-07-29,30,21,25.1,35.1,21,26.3,22.2,84.8,0.1,100,4.17,rain,0,0,12.5,9.2,278.6,1014.3,62.3,5.5,167.8,14.3,6,,2021-07-29T06:20:38,2021-07-29T18:52:26,0.67,"Rain, Partially cloudy",Partly cloudy throughout the day with morning rain.,rain,"65125099999,DNAA,65112599999,remote"
abuja,2021-07-30,27,23,24.6,29.6,23,24.7,22.8,90,0.9,100,4.17,rain,0,0,13.9,9.2,251.6,1014.7,73,6,60.3,5,3,,2021-07-30T06:20:46,2021-07-30T18:52:13,0.71,"Rain, Partially cloudy",Partly cloudy throughout the day with morning rain.,rain,"65125099999,DNAA,65112599999,remote"
abuja,2021-07-31,29,22.8,25.1,32.7,22.8,26,22.5,86.1,0.2,100,4.17,rain,0,0,16.8,8.1,235,1015.8,77.9,5.7,198.4,17.1,8,,2021-07-31T06:20:54,2021-07-31T18:51:59,0.75,"Rain, Partially cloudy",Partly cloudy throughout the day with late afternoon rain.,rain,"65125099999,DNAA,65112599999,remote"
abuja,2021-08-01,26,22.9,24.1,26,22.9,24.1,22.9,93.3,3,100,4.17,rain,0,0,14.5,8.1,285.7,1017,83.1,4.5,94.9,8.3,4,,2021-08-01T06:21:01,2021-08-01T18:51:44,0.77,"Rain, Partially cloudy",Partly cloudy throughout the day with late afternoon rain.,rain,"65125099999,DNAA,remote,65112599999"
abuja,2021-08-02,27,21.6,24.1,29.7,21.6,24.5,22.3,89.9,2.2,100,12.5,rain,0,0,21,13.9,300.4,1015.5,80.1,4.9,220,18.9,9,,2021-08-02T06:21:08,2021-08-02T18:51:29,0.8,"Rain, Partially cloudy",Partly cloudy throughout the day with rain.,rain,"65125099999,DNAA,remote,65112599999"
abuja,2021-08-03,28,22.4,24.8,31.3,22.4,25.5,22.4,87.2,0.7,100,25,rain,0,0,8.9,8.1,281.3,1014.8,82.4,6.2,194.3,16.8,6,,2021-08-03T06:21:14,2021-08-03T18:51:13,0.83,"Rain, Partially cloudy",Partly cloudy throughout the day with a chance of rain throughout the day.,rain,"65125099999,DNAA,remote,65112599999"
abuja,2021-08-04,29,23.9,25.8,32.7,23.9,27,23.1,85.9,0.2,100,4.17,rain,0,0,20.4,11.4,197.7,1015.5,62.7,6.1,207.4,18,7,,2021-08-04T06:21:20,2021-08-04T18:50:56,0.87,"Rain, Partially cloudy",Partly cloudy throughout the day with morning rain.,rain,"65125099999,DNAA,65112599999"
abuja,2021-08-05,35.4,22.6,25.7,40.6,22.6,26.8,22.2,82.1,8.2,100,45.83,rain,0,0,18.1,13.1,243.6,1017.2,71,6,159.1,13.6,6,,2021-08-05T06:21:26,2021-08-05T18:50:38,0.9,"Rain, Partially cloudy",Partly cloudy throughout the day with a chance of rain throughout the day.,rain,"65125099999,DNAA,remote,65112599999"
abuja,2021-08-06,30,23,26.1,35.1,23,27.7,22.6,82,4.3,100,37.5,rain,0,0,21,11.4,250.9,1016.3,78,6.2,157.7,13.6,6,,2021-08-06T06:21:31,2021-08-06T18:50:20,0.93,"Rain, Partially cloudy",Partly cloudy throughout the day with rain.,rain,"65125099999,DNAA,65112599999,remote"
abuja,2021-08-07,26,21,23.3,26,21,23.3,21.9,92.1,40,100,4.17,rain,0,0,19.2,9.2,249.5,1015.4,69.9,5.9,139.2,12,5,,2021-08-07T06:21:36,2021-08-07T18:50:00,0.96,"Rain, Partially cloudy",Partly cloudy throughout the day with late afternoon rain.,rain,"65125099999,DNAA,65112599999,remote"
abuja,2021-08-08,28,21.8,23.8,31.3,21.8,23.9,22.5,92.6,99,100,4.17,rain,0,0,15.2,34.4,179.9,1015.3,78.3,6.1,44.3,3.9,2,,2021-08-08T06:21:40,2021-08-08T18:49:40,0,"Rain, Partially cloudy",Partly cloudy throughout the day with afternoon rain.,rain,"65125099999,DNAA,65112599999,remote"
abuja,2021-08-09,27,21.6,24,29.6,21.6,24.3,22.5,91.7,1,100,4.17,rain,0,0,16.8,6.9,246.9,1016.7,71.6,6.1,114.6,9.8,5,,2021-08-09T06:21:44,2021-08-09T18:49:20,0.03,"Rain, Partially cloudy",Partly cloudy throughout the day with late afternoon rain.,rain,"65125099999,DNAA,remote,65112599999"
abuja,2021-08-10,29.2,22,24.8,33.7,22,25.5,23,90.1,1,100,4.17,rain,0,0,15.4,8.1,279.1,1015.3,78,5.4,145.4,12.5,5,,2021-08-10T06:21:47,2021-08-10T18:48:58,0.07,"Rain, Partially cloudy",Partly cloudy throughout the day with afternoon rain.,rain,"65125099999,DNAA,remote,65112599999"
abuja,2021-08-11,25,21,23.4,25,21,23.4,22,91.8,7,100,8.33,rain,0,0,17.4,11.4,258.5,1014,77.3,6.2,131.9,11.5,6,,2021-08-11T06:21:50,2021-08-11T18:48:36,0.1,"Rain, Partially cloudy",Partly cloudy throughout the day with rain clearing later.,rain,"65125099999,DNAA,remote,65112599999"
abuja,2021-08-12,28,22,23.5,31.3,22,23.8,21.9,91.2,0.1,100,4.17,rain,0,0,16.8,6.9,176.3,1014.7,68.4,6.2,34.3,3,1,,2021-08-12T06:21:52,2021-08-12T18:48:13,0.14,"Rain, Partially cloudy",Partly cloudy throughout the day with late afternoon rain.,rain,"65125099999,DNAA,65112599999,remote"
abuja,2021-08-13,29,21.8,24.5,32.7,21.8,24.7,22.7,90.4,0.2,100,4.17,rain,0,0,14.3,8.1,275.7,1015.3,73.5,6,120.3,10.4,5,,2021-08-13T06:21:54,2021-08-13T18:47:50,0.18,"Rain, Partially cloudy",Partly cloudy throughout the day with late afternoon rain.,rain,"65125099999,DNAA,65112599999,remote"
abuja,2021-08-14,30,22,25.1,34.1,22,25.9,22.8,87.7,2.8,100,58.33,rain,0,0,14.8,10.3,266.7,1014.4,66.5,6.2,183.7,16,8,,2021-08-14T06:21:56,2021-08-14T18:47:26,0.21,"Rain, Partially cloudy",Partly cloudy throughout the day with a chance of rain throughout the day.,rain,"65125099999,DNAA,65112599999"
abuja,2021-08-15,30,23,25.4,37.4,23,26.9,23.7,90.2,10.6,100,58.33,rain,0,0,13.2,10.3,266.2,1012.8,63.1,5.7,179.9,15.5,6,,2021-08-15T06:21:57,2021-08-15T18:47:01,0.25,"Rain, Partially cloudy",Partly cloudy throughout the day with a chance of rain throughout the day.,rain,"65125099999,DNAA,65112599999,remote"
abuja,2021-08-16,25,22.9,23.5,25,22.9,23.5,22.8,96.2,32,100,4.17,rain,0,0,14.1,6.9,242.5,1013.9,73.8,5,68.5,6,3,,2021-08-16T06:21:58,2021-08-16T18:46:35,0.28,"Rain, Partially cloudy",Partly cloudy throughout the day with late afternoon rain.,rain,"65125099999,DNAA,65112599999,remote"
abuja,2021-08-17,27,21.5,24.3,30.1,21.5,24.6,22.4,89.5,28,100,8.33,rain,0,0,8.3,8.1,233.4,1015.4,69.2,6,113.7,9.8,5,,2021-08-17T06:21:59,2021-08-17T18:46:09,0.32,"Rain, Partially cloudy",Partly cloudy throughout the day with rain.,rain,"65125099999,DNAA,65112599999,remote"
abuja,2021-08-18,29,22,24.5,32.7,22,25.2,22.3,88.1,3,100,4.17,rain,0,0,19.9,12.8,270.1,1015.5,69.6,6,186.5,16,7,,2021-08-18T06:21:59,2021-08-18T18:45:43,0.35,"Rain, Partially cloudy",Partly cloudy throughout the day with early morning rain.,rain,"65125099999,DNAA,65112599999"
abuja,2021-08-19,28,21.3,24.6,30.9,21.3,25.4,22,86,2,100,4.17,rain,0,0,16.3,11.4,204.5,1013.4,62.5,6,172.8,14.9,6,,2021-08-19T06:21:58,2021-08-19T18:45:16,0.39,"Rain, Partially cloudy",Partly cloudy throughout the day with early morning rain.,rain,"65125099999,DNAA,65112599999,remote"
abuja,2021-08-20,30,22,25.3,34.1,22,26.5,22.1,83.5,4,100,4.17,rain,0,0,16.6,9.2,172.8,1012.8,56.5,6.2,204.7,17.7,7,,2021-08-20T06:21:57,2021-08-20T18:44:48,0.43,"Rain, Partially cloudy",Partly cloudy throughout the day with morning rain.,rain,"65125099999,DNAA,65112599999,remote"
abuja,2021-08-21,29,23,25.5,33.6,23,26.4,22.5,84.2,0.8,100,4.17,rain,0,0,18.1,10.3,184,1013.4,63.2,6.2,210.2,18.2,8,,2021-08-21T06:21:56,2021-08-21T18:44:19,0.46,"Rain, Partially cloudy",Partly cloudy throughout the day with afternoon rain.,rain,"65125099999,DNAA,65112599999,remote"
abuja,2021-08-22,30,22.3,25.7,34.1,22.3,27.1,22.8,84.8,4.2,100,45.83,rain,0,0,15.9,13.3,261,1013.1,65.7,6.2,212.9,18.4,8,,2021-08-22T06:21:55,2021-08-22T18:43:51,0.5,"Rain, Partially cloudy",Partly cloudy throughout the day with a chance of rain throughout the day.,rain,"65125099999,DNAA,65112599999,remote"
abuja,2021-08-23,30,21,24.6,35.1,21,25.9,22,86.3,33.6,100,12.5,rain,0,0,18.3,15,224.6,1011.9,61.6,5.7,244.2,21,9,,2021-08-23T06:21:53,2021-08-23T18:43:21,0.53,"Rain, Partially cloudy",Partly cloudy throughout the day with rain.,rain,"65125099999,DNAA,remote,65112599999"
abuja,2021-08-24,31,22.8,26.2,36.5,22.8,28.1,23.3,85.2,0.1,100,4.17,rain,0,0,17.2,8.1,196.1,1011,61.4,6.2,217.5,18.7,8,,2021-08-24T06:21:51,2021-08-24T18:42:51,0.56,"Rain, Partially cloudy",Partly cloudy throughout the day with late afternoon rain.,rain,"65125099999,DNAA,65112599999,remote"
abuja,2021-08-25,30,23,25.7,34.2,23,26.7,22.8,84.8,8.5,100,54.17,rain,0,0,12.5,11.4,233.2,1011.7,73.9,6.2,197.9,17.2,8,,2021-08-25T06:21:48,2021-08-25T18:42:21,0.6,"Rain, Partially cloudy",Partly cloudy throughout the day with a chance of rain throughout the day.,rain,"65125099999,DNAA,65112599999,remote"
abuja,2021-08-26,32,22.5,26.2,36.8,22.5,28,22.9,83.4,3,100,4.17,rain,0,0,14.1,9.2,261.8,1012.8,61.6,6.2,124.8,10.7,6,,2021-08-26T06:21:45,2021-08-26T18:41:50,0.63,"Rain, Partially cloudy",Partly cloudy throughout the day with early morning rain.,rain,"65125099999,DNAA,65112599999,remote"
abuja,2021-08-27,31,23,26.5,35.5,23,28.1,22.7,80.9,5.3,100,41.67,rain,0,0,14.3,9.2,257.3,1014.2,74.2,6.1,208.7,18.2,8,,2021-08-27T06:21:42,2021-08-27T18:41:19,0.66,"Rain, Partially cloudy",Partly cloudy throughout the day with a chance of rain throughout the day.,rain,"65125099999,DNAA,65112599999,remote"
abuja,2021-08-28,28,22,24.6,30.7,22,25.1,22.2,86.9,11,100,4.17,rain,0,0,18.3,11.4,227.3,1013.9,61.1,6,209.1,18.2,6,,2021-08-28T06:21:39,2021-08-28T18:40:47,0.69,"Rain, Partially cloudy",Partly cloudy throughout the day with late afternoon rain.,rain,"65125099999,DNAA,65112599999,remote"
abuja,2021-08-29,30,22.4,25.9,35.1,22.4,27.3,23,85,179.2,100,4.17,rain,0,0,18.8,8.1,220.6,1011.9,63.2,6,194.4,16.7,9,,2021-08-29T06:21:35,2021-08-29T18:40:15,0.72,"Rain, Partially cloudy",Partly cloudy throughout the day with late afternoon rain.,rain,"65125099999,DNAA,65112599999,remote"
abuja,2021-08-30,31,23.4,26.5,36.5,23.4,28,23.6,85,99,100,4.17,rain,0,0,16.6,8.1,192.9,1012,67.1,5.9,213.6,18.5,8,,2021-08-30T06:21:31,2021-08-30T18:39:42,0.75,"Rain, Partially cloudy",Partly cloudy throughout the day with morning rain.,rain,"65125099999,DNAA,65112599999,remote"
abuja,2021-08-31,32,21,26.2,37.9,21,28.2,22.8,82.6,2,100,4.17,rain,0,0,17.2,42.5,323.7,1012.4,50.5,6.2,289.7,25,9,,2021-08-31T06:21:26,2021-08-31T18:39:09,0.79,"Rain, Partially cloudy",Partly cloudy throughout the day with early morning rain.,rain,"65125099999,DNAA,65112599999,remote"
abuja,2021-09-01,30,20,23.5,35.1,20,24.2,21.8,91.2,19,100,8.33,rain,0,0,18.8,19.7,199.1,1011.7,47.2,5.9,221.8,19.3,8,,2021-09-01T06:21:22,2021-09-01T18:38:36,0.82,"Rain, Partially cloudy",Partly cloudy throughout the day with rain.,rain,"65125099999,DNAA,65112599999,remote"
abuja,2021-09-02,29,21,24.5,32.7,21,25.4,22.1,87.1,1.6,100,37.5,rain,0,0,19.7,12.8,192.2,1013.3,62.1,6.2,215.2,18.6,8,,2021-09-02T06:21:17,2021-09-02T18:38:02,0.85,"Rain, Partially cloudy",Partly cloudy throughout the day with rain.,rain,"65125099999,DNAA,65112599999,remote"
abuja,2021-09-03,31,22.6,25.5,35.5,22.6,26.8,22.6,85.1,4,100,4.17,rain,0,0,16.1,8.1,194.6,1013.7,66.5,5.9,129,11.1,5,,2021-09-03T06:21:12,2021-09-03T18:37:28,0.88,"Rain, Partially cloudy",Partly cloudy throughout the day with late afternoon rain.,rain,"65125099999,DNAA,65112599999,remote"
abuja,2021-09-04,30,22.6,25.3,34.1,22.6,26.4,22.8,86.7,6,100,4.17,rain,0,0,13.4,9.2,269.7,1013.3,72.8,6.2,137.3,11.8,6,,2021-09-04T06:21:07,2021-09-04T18:36:54,0.92,"Rain, Partially cloudy",Partly cloudy throughout the day with morning rain.,rain,"65125099999,DNAA,65112599999,remote"
abuja,2021-09-05,29,22.9,25.8,33.6,22.9,27.2,22.8,84.6,1,100,4.17,rain,0,0,12.3,10.3,209.5,1013.3,55,6.2,185.2,16,7,,2021-09-05T06:21:01,2021-09-05T18:36:19,0.95,"Rain, Partially cloudy",Partly cloudy throughout the day with early morning rain.,rain,"65125099999,DNAA,remote,65112599999"
abuja,2021-09-06,30,22.5,25.8,34.7,22.5,27.4,22.5,82.7,2.3,100,8.33,rain,0,0,15,13.1,188.3,1014,63.6,5.9,190.3,16.3,7,,2021-09-06T06:20:56,2021-09-06T18:35:44,0.98,"Rain, Partially cloudy",Partly cloudy throughout the day with rain in the morning and afternoon.,rain,"65125099999,DNAA,65112599999,remote"
abuja,2021-09-07,30,22,25.4,33.3,22,26.4,21.8,81.5,7.3,100,41.67,rain,0,0,17.7,9.2,291.9,1013.5,38.4,6.2,188.3,16.3,7,,2021-09-07T06:20:50,2021-09-07T18:35:09,0,"Rain, Partially cloudy",Partly cloudy throughout the day with a chance of rain throughout the day.,rain,"65125099999,DNAA,65112599999,remote"
abuja,2021-09-08,31,21,25.9,34.5,21,27.3,22,80.6,0,0,0,,0,0,13,9.2,164.8,1013.1,47,6.2,248.2,21.4,8,,2021-09-08T06:20:44,2021-09-08T18:34:34,0.05,Partially cloudy,Partly cloudy throughout the day.,partly-cloudy-day,"65125099999,DNAA,65112599999,remote"
abuja,2021-09-09,32,23,26.7,37.9,23,28.9,23.4,83.4,0.1,100,4.17,rain,0,0,15.2,6.9,253.8,1013.4,60,6.2,220.2,19.1,7,,2021-09-09T06:20:38,2021-09-09T18:33:59,0.09,"Rain, Partially cloudy",Partly cloudy throughout the day with morning rain.,rain,"65125099999,DNAA,65112599999,remote"
abuja,2021-09-10,30,23,24.8,36.2,23,25.8,22.9,89.4,6,100,4.17,rain,0,0,16.1,11.4,171.2,1013.9,70.8,5.7,241.7,20.7,10,,2021-09-10T06:20:32,2021-09-10T18:33:23,0.12,"Rain, Partially cloudy",Partly cloudy throughout the day with morning rain.,rain,"65125099999,DNAA,65112599999,remote"
abuja,2021-09-11,29,22.3,25.7,33.6,22.3,27.4,23,85.7,22,100,4.17,rain,0,0,15.7,9.2,253.6,1014.6,49.1,6.2,238.1,20.7,9,,2021-09-11T06:20:25,2021-09-11T18:32:47,0.16,"Rain, Partially cloudy",Partly cloudy throughout the day with morning rain.,rain,"65125099999,DNAA,65112599999,remote"
abuja,2021-09-12,32,21.9,26.5,37.9,21.9,28.5,22.4,79.5,11.6,100,33.33,rain,0,0,14.8,6.9,282.1,1013.2,58.7,6.2,267,23,9,,2021-09-12T06:20:19,2021-09-12T18:32:11,0.19,"Rain, Partially cloudy",Partly cloudy throughout the day with rain.,rain,"65125099999,DNAA,65112599999,remote"
abuja,2021-09-13,30,21.8,25,35.1,21.8,25.9,22.1,84.9,35,100,4.17,rain,0,0,20.6,10.3,137.2,1012.5,79.7,6.2,142,12.2,6,,2021-09-13T06:20:13,2021-09-13T18:31:35,0.25,"Rain, Partially cloudy",Partly cloudy throughout the day with morning rain.,rain,"65125099999,DNAA,remote,65112599999"
abuja,2021-09-14,29,23,25.8,32.7,23,27,22.8,84.1,21,100,4.17,rain,0,0,18.3,9.2,158,1013.2,69.4,6.2,176,15.3,6,,2021-09-14T06:20:06,2021-09-14T18:30:59,0.27,"Rain, Partially cloudy",Partly cloudy throughout the day with late afternoon rain.,rain,"65125099999,DNAA,65112599999,remote"
abuja,2021-09-15,32,23,26.1,37.9,23,27.4,23.2,85.3,5.1,100,58.33,rain,0,0,13.6,8.1,163.9,1014.4,60.3,6.2,208.6,18.1,8,,2021-09-15T06:20:00,2021-09-15T18:30:23,0.3,"Rain, Partially cloudy",Partly cloudy throughout the day with a chance of rain throughout the day.,rain,"65125099999,DNAA,65112599999,remote"
abuja,2021-09-16,32,21,25.4,39.1,21,27.2,23,87.7,6,100,8.33,rain,0,0,17.2,11.4,285.1,1014.7,51.6,6.2,213.2,18.4,8,,2021-09-16T06:19:53,2021-09-16T18:29:47,0.34,"Rain, Partially cloudy",Partly cloudy throughout the day with rain.,rain,"65125099999,DNAA,65112599999,remote"
abuja,2021-09-17,31,21.3,25.2,36.5,21.3,26.8,22.8,87.8,9.5,100,12.5,rain,0,0,13,6.9,257.1,1014.4,57.7,6.1,199.3,17.2,7,,2021-09-17T06:19:47,2021-09-17T18:29:10,0.37,"Rain, Partially cloudy",Partly cloudy throughout the day with early morning rain.,rain,"65125099999,DNAA,65112599999,remote"
abuja,2021-09-18,31.4,21,25.3,37.7,21,26.7,22.8,87,2,100,4.17,rain,0,0,16.1,13.9,160.5,1013.5,80,5.4,224.2,19.4,8,,2021-09-18T06:19:40,2021-09-18T18:28:34,0.41,"Rain, Partially cloudy",Partly cloudy throughout the day with late afternoon rain.,rain,"65125099999,DNAA,65112599999,remote"
abuja,2021-09-19,29.5,22,25.2,34,22,26.4,22.4,85.5,5.9,100,8.33,rain,0,0,15.2,6.9,222.6,1013.4,55.8,6.2,213.1,18.3,8,,2021-09-19T06:19:33,2021-09-19T18:27:58,0.44,"Rain, Partially cloudy",Partly cloudy throughout the day with rain.,rain,"65125099999,DNAA,65112599999,remote"
abuja,2021-09-20,31,22.8,26.5,35.6,22.8,28.8,23.4,84,8.6,100,25,rain,0,0,15.7,9.2,318.6,1012.5,51.8,6.2,206.9,17.9,7,,2021-09-20T06:19:27,2021-09-20T18:27:22,0.48,"Rain, Partially cloudy",Partly cloudy throughout the day with rain in the morning and afternoon.,rain,"65125099999,DNAA,65112599999,remote"
abuja,2021-09-21,29,22,24.8,34.5,22,25.9,23.1,90.6,12,100,12.5,rain,0,0,14.5,13.9,197.3,1012.7,71.1,6.1,125.4,10.8,6,,2021-09-21T06:19:21,2021-09-21T18:26:45,0.5,"Rain, Partially cloudy",Partly cloudy throughout the day with rain.,rain,"65125099999,DNAA,65112599999,remote"
abuja,2021-09-22,26,22.2,23.7,26,22.2,23.7,22.3,91.7,4,100,8.33,rain,0,0,11.4,9.2,140.6,1013.9,75,6.1,66.4,5.7,2,,2021-09-22T06:19:14,2021-09-22T18:26:09,0.55,"Rain, Partially cloudy",Partly cloudy throughout the day with rain.,rain,"65125099999,DNAA,remote,65112599999"
abuja,2021-09-23,30,22,25.7,35.1,22,27.4,22.9,85.1,2.4,100,8.33,rain,0,0,14.1,9.2,157.7,1013.4,59.1,6.3,243.2,20.8,9,,2021-09-23T06:19:08,2021-09-23T18:25:33,0.58,"Rain, Partially cloudy",Partly cloudy throughout the day with rain.,rain,"65125099999,DNAA,remote,65112599999"
abuja,2021-09-24,31,23,26.2,36.5,23,28,23.5,85.4,0.3,100,4.17,rain,0,0,19,9.2,160.8,1013.8,57,6.2,199.4,17.1,8,,2021-09-24T06:19:02,2021-09-24T18:24:57,0.61,"Rain, Partially cloudy",Partly cloudy throughout the day with late afternoon rain.,rain,"65125099999,DNAA,65112599999"
abuja,2021-09-25,29,20,24.3,31.4,20,24.8,21.5,85,11,100,8.33,rain,0,0,22.6,8.1,124.4,1014.3,57.8,6.2,136.4,11.9,5,,2021-09-25T06:18:56,2021-09-25T18:24:22,0.64,"Rain, Partially cloudy",Partly cloudy throughout the day with rain in the morning and afternoon.,rain,"65125099999,DNAA,65112599999,remote"
abuja,2021-09-26,31,23,26.4,35.5,23,27.8,22.9,82.3,1,100,4.17,rain,0,0,13.4,6.9,180.4,1013.9,49.3,6.2,252.6,21.6,9,,2021-09-26T06:18:50,2021-09-26T18:23:46,0.68,"Rain, Partially cloudy",Partly cloudy throughout the day with morning rain.,rain,"65125099999,DNAA,65112599999,remote"
abuja,2021-09-27,31.7,21,25.5,37,21,27.1,22.7,85.2,21,100,4.17,rain,0,0,13.6,26.4,54.9,1013.2,72.9,5.6,233.6,20.2,8,,2021-09-27T06:18:45,2021-09-27T18:23:11,0.71,"Rain, Partially cloudy",Partly cloudy throughout the day with late afternoon rain.,rain,"65125099999,DNAA,remote,65112599999"
abuja,2021-09-28,30,21.4,25.3,35.1,21.4,27.1,22.2,83.3,4,100,4.17,rain,0,0,14.5,9.2,196.5,1012.5,57.3,6.2,253.7,21.9,9,,2021-09-28T06:18:39,2021-09-28T18:22:36,0.74,"Rain, Partially cloudy",Partly cloudy throughout the day with early morning rain.,rain,"65125099999,DNAA,remote,65112599999"
abuja,2021-09-29,30,22,23.8,35.1,22,24.4,22.3,91.8,28,100,8.33,rain,0,0,19.5,19.7,67.8,1012.2,60.6,6.2,195.5,17,7,,2021-09-29T06:18:34,2021-09-29T18:22:01,0.75,"Rain, Partially cloudy",Partly cloudy throughout the day with rain.,rain,"65125099999,DNAA,65112599999,remote"
abuja,2021-09-30,31,21,25.8,35.1,21,27.4,21.7,79.7,0,0,0,,0,0,18.3,9.2,98,1012.6,63.4,5.4,264.6,22.9,9,,2021-09-30T06:18:29,2021-09-30T18:21:26,0.81,Partially cloudy,Partly cloudy throughout the day.,partly-cloudy-day,"65125099999,DNAA,65112599999,remote"
abuja,2021-10-01,31,22.6,26,36.5,22.6,27.5,23,84.5,1,100,4.17,rain,0,0,13.6,10.3,141.1,1013.4,62.2,6.2,210.3,18.1,7,,2021-10-01T06:18:25,2021-10-01T18:20:52,0.84,"Rain, Partially cloudy",Partly cloudy throughout the day with late afternoon rain.,rain,"65125099999,DNAA,65112599999,remote"
abuja,2021-10-02,32,22.4,26.3,39.2,22.4,28.7,23.3,84.2,3,100,4.17,rain,0,0,15,9.2,178.8,1012.3,60,6.2,265.7,22.9,9,,2021-10-02T06:18:20,2021-10-02T18:20:18,0.87,"Rain, Partially cloudy",Partly cloudy throughout the day with late afternoon rain.,rain,"65125099999,DNAA,65112599999,remote"
abuja,2021-10-03,31.9,21,25.5,38,21,27.1,22,82,1,100,4.17,rain,0,0,17.2,10.3,162.2,1012.4,58.5,5.8,248.5,21.5,9,,2021-10-03T06:18:16,2021-10-03T18:19:44,0.9,"Rain, Partially cloudy",Partly cloudy throughout the day with early morning rain.,rain,"65125099999,DNAA,remote,65112599999"
abuja,2021-10-04,32.1,22.9,26.6,37.9,22.9,28.5,22.9,81.1,0.9,100,4.17,rain,0,0,19.7,11.4,209.7,1011.8,53.7,6.2,275.1,23.8,10,,2021-10-04T06:18:12,2021-10-04T18:19:11,0.94,"Rain, Partially cloudy",Partly cloudy throughout the day with late afternoon rain.,rain,"65125099999,DNAA,remote,65112599999"
abuja,2021-10-05,33,23.9,27.2,39.3,23.9,28.8,23,79.7,0.1,100,4.17,rain,0,0,21.3,6.9,90.4,1011.9,57.5,6.3,278.4,24.1,10,,2021-10-05T06:18:09,2021-10-05T18:18:38,0.97,"Rain, Partially cloudy",Partly cloudy throughout the day with late afternoon rain.,rain,"65125099999,DNAA,remote,65112599999"
abuja,2021-10-06,31,22.7,26.5,34.5,22.7,27.7,22.3,79,0.9,100,8.33,rain,0,0,24.6,10.3,113.7,1012.7,54.7,6.2,256.2,22.4,10,,2021-10-06T06:18:06,2021-10-06T18:18:05,0,"Rain, Partially cloudy",Clearing in the afternoon with rain.,rain,"65125099999,DNAA,65112599999"
abuja,2021-10-07,32,21,25.7,39.2,21,27.7,23,85.9,15,100,4.17,rain,0,0,16.1,9.2,229.2,1012.4,63.9,6,190.4,16.6,6,,2021-10-07T06:18:03,2021-10-07T18:17:33,0.04,"Rain, Partially cloudy",Partly cloudy throughout the day with late afternoon rain.,rain,"65125099999,DNAA,remote,65112599999"
abuja,2021-10-08,32,22,26.8,39.2,22,29.7,23.2,82.4,0.3,100,4.17,rain,0,0,19.5,6.9,30.5,1010.2,68.9,6.2,275,23.8,10,,2021-10-08T06:18:00,2021-10-08T18:17:02,0.07,"Rain, Partially cloudy",Partly cloudy throughout the day with late afternoon rain.,rain,"65125099999,DNAA,65112599999,remote"
abuja,2021-10-09,32,25,27.3,39.2,25,29.7,24,83.4,3,100,4.17,rain,0,0,16.8,6.9,289.6,1011,63.5,5.9,214,18.5,8,,2021-10-09T06:17:58,2021-10-09T18:16:30,0.11,"Rain, Partially cloudy",Partly cloudy throughout the day with late afternoon rain.,rain,"65125099999,DNAA,65112599999,remote"
abuja,2021-10-10,31.2,23,26.2,35.8,23,27.6,23.1,84.3,0.7,100,12.5,rain,0,0,14.8,9.2,191,1012.7,80.6,6.2,186.8,16,7,,2021-10-10T06:17:57,2021-10-10T18:16:00,0.14,"Rain, Partially cloudy",Partly cloudy throughout the day with rain in the morning and afternoon.,rain,"65125099999,DNAA,65112599999,remote"
abuja,2021-10-11,32,23,27.1,39.2,23,29.5,23.5,82.1,0.4,100,8.33,rain,0,0,15,9.2,283.7,1012.9,62.8,6.1,265.5,22.9,9,,2021-10-11T06:17:55,2021-10-11T18:15:29,0.18,"Rain, Partially cloudy",Partly cloudy throughout the day with rain.,rain,"65125099999,DNAA,65112599999,remote"
abuja,2021-10-12,33,23.9,28.2,40.6,23.9,31.8,23.8,78.2,0.1,100,4.17,rain,0,0,13.4,8.1,260.7,1011.7,49.6,6,283.1,24.5,10,,2021-10-12T06:17:55,2021-10-12T18:15:00,0.21,"Rain, Partially cloudy",Partly cloudy throughout the day with late afternoon rain.,rain,"65125099999,DNAA,65112599999,remote"
abuja,2021-10-13,33,24,26.9,40.6,24,29,23.3,81.2,0.6,100,8.33,rain,0,0,14.8,19.7,139.1,1011.8,56.2,6.2,272.7,23.5,9,,2021-10-13T06:17:54,2021-10-13T18:14:31,0.25,"Rain, Partially cloudy",Partly cloudy throughout the day with rain.,rain,"65125099999,DNAA,65112599999,remote"
abuja,2021-10-14,32,23.2,27.2,36.8,23.2,29.2,22.6,77.3,0.1,100,4.17,rain,0,0,11.9,14.1,198.2,1012,41.8,6,199.1,17.1,8,,2021-10-14T06:17:55,2021-10-14T18:14:02,0.28,"Rain, Partially cloudy",Partly cloudy throughout the day with morning rain.,rain,"65125099999,DNAA,65112599999,remote"
abuja,2021-10-15,32,22,25.7,37.9,22,27,23,85.6,16,100,4.17,rain,0,0,13.4,18.3,28.5,1011.5,48.4,6.2,275.2,23.7,9,,2021-10-15T06:17:55,2021-10-15T18:13:34,0.32,"Rain, Partially cloudy",Partly cloudy throughout the day with late afternoon rain.,rain,"65125099999,DNAA,65112599999,remote"
abuja,2021-10-16,32,22,26.5,37.9,22,28.7,22.7,80.9,0.2,100,4.17,rain,0,0,16.3,69.1,284.3,1011.1,59.3,5.9,264.2,22.9,9,,2021-10-16T06:17:56,2021-10-16T18:13:07,0.35,"Rain, Partially cloudy",Partly cloudy throughout the day with afternoon rain.,rain,"65125099999,DNAA,remote,65112599999"
abuja,2021-10-17,32,22.2,25.7,36.8,22.2,26.6,22.9,85.8,8,100,8.33,rain,0,0,16.6,9.2,129.5,1011.6,71.6,6.2,192.3,16.6,6,,2021-10-17T06:17:58,2021-10-17T18:12:40,0.39,"Rain, Partially cloudy",Partly cloudy throughout the day with rain.,rain,"65125099999,DNAA,remote,65112599999"
abuja,2021-10-18,31,22.5,26.5,35.5,22.5,28.1,23.3,83.7,7.5,100,8.33,rain,0,0,14.5,8.1,241,1012.3,62.9,6.1,207.8,18,7,,2021-10-18T06:18:00,2021-10-18T18:12:14,0.42,"Rain, Partially cloudy",Partly cloudy throughout the day with rain in the morning and afternoon.,rain,"65125099999,DNAA,65112599999,remote"
abuja,2021-10-19,32,23,26.4,37.9,23,28,23.3,84.3,12.8,100,37.5,rain,0,0,15.7,24.2,216.3,1012.4,60.2,5.9,242.5,21,9,,2021-10-19T06:18:03,2021-10-19T18:11:49,0.46,"Rain, Partially cloudy",Partly cloudy throughout the day with rain.,rain,"65125099999,DNAA,65112599999,remote"
abuja,2021-10-20,30,22,25.6,34.1,22,27.1,22.8,85.2,13,100,4.17,rain,0,0,10.5,6.9,195.2,1013.7,75.9,5.9,138.8,11.9,5,,2021-10-20T06:18:07,2021-10-20T18:11:25,0.5,"Rain, Partially cloudy",Partly cloudy throughout the day with early morning rain.,rain,"65125099999,DNAA,65112599999,remote"
abuja,2021-10-21,32,23,26.2,36.8,23,27.3,22.1,79.6,0.6,100,8.33,rain,0,0,17.9,13.9,63.3,1013.1,51.6,6.1,237,20.4,8,,2021-10-21T06:18:11,2021-10-21T18:11:01,0.53,"Rain, Partially cloudy",Clearing in the afternoon with rain.,rain,"65125099999,DNAA,65112599999,remote"
abuja,2021-10-22,31,22.2,25.6,36.5,22.2,27,22.7,85.2,11,100,4.17,rain,0,0,22.8,15,194.2,1012.3,45.9,5.9,226.3,19.6,9,,2021-10-22T06:18:15,2021-10-22T18:10:38,0.56,"Rain, Partially cloudy",Partly cloudy throughout the day with late afternoon rain.,rain,"65125099999,DNAA,65112599999,remote"
abuja,2021-10-23,28,22.2,24.8,31.3,22.2,25.5,22.4,86.8,3.7,100,33.33,rain,0,0,14.5,8.1,128.2,1014.5,47.1,6,86.7,7.4,4,,2021-10-23T06:18:20,2021-10-23T18:10:15,0.59,"Rain, Partially cloudy",Partly cloudy throughout the day with a chance of rain throughout the day.,rain,"65125099999,DNAA,65112599999,remote"
abuja,2021-10-24,32.4,23,27.3,39.1,23,30,23.5,81,0,0,0,,0,0,19.7,6.9,273.9,1014.2,41.6,6.2,260,22.5,9,,2021-10-24T06:18:26,2021-10-24T18:09:54,0.63,Partially cloudy,Partly cloudy throughout the day.,partly-cloudy-day,"65125099999,DNAA,65112599999,remote"
abuja,2021-10-25,33.1,23,27.8,40.6,23,30.6,23.8,80.5,0,0,0,,0,0,16.6,8.1,269.6,1012.6,53.3,6.3,271.7,23.5,9,,2021-10-25T06:18:32,2021-10-25T18:09:33,0.66,Partially cloudy,Partly cloudy throughout the day.,partly-cloudy-day,"65125099999,DNAA,remote,65112599999"
abuja,2021-10-26,31,21.9,26.1,35.5,21.9,27.5,22.4,81.1,15,100,4.17,rain,0,0,13.2,32.2,108.6,1013.9,56.7,5.9,163.9,14.1,7,,2021-10-26T06:18:39,2021-10-26T18:09:13,0.69,"Rain, Partially cloudy",Partly cloudy throughout the day with morning rain.,rain,"65125099999,DNAA,remote,65112599999"
abuja,2021-10-27,32,23,26.6,39.2,23,28.7,22.9,81.4,20,100,4.17,rain,0,0,18.6,8.1,147.9,1012.9,63,6.1,263,22.8,9,,2021-10-27T06:18:47,2021-10-27T18:08:54,0.72,"Rain, Partially cloudy",Partly cloudy throughout the day with late afternoon rain.,rain,"65125099999,DNAA,remote,65112599999"
abuja,2021-10-28,31,23,26.2,37.7,23,28.1,23.3,84.9,0.7,100,4.17,rain,0,0,13.9,8.1,253,1012.9,58.7,6.2,244.6,21.2,8,,2021-10-28T06:18:55,2021-10-28T18:08:36,0.75,"Rain, Partially cloudy",Partly cloudy throughout the day with late afternoon rain.,rain,"65125099999,DNAA,65112599999,remote"
abuja,2021-10-29,33,22,27,39.3,22,29.1,23,80.2,0,0,0,,0,0,11.4,10.3,280.3,1011.2,39.4,6,273.6,23.6,10,,2021-10-29T06:19:04,2021-10-29T18:08:19,0.79,Partially cloudy,Partly cloudy throughout the day.,partly-cloudy-day,"65125099999,DNAA,remote,65112599999"
abuja,2021-10-30,32,22,27.3,37.9,22,29.9,23.2,79.6,0,0,0,,0,0,15.9,8.1,292.7,1012,65.8,6.2,260.8,22.5,9,,2021-10-30T06:19:14,2021-10-30T18:08:03,0.82,Partially cloudy,Partly cloudy throughout the day.,partly-cloudy-day,"65125099999,DNAA,remote,65112599999"
abuja,2021-10-31,33,22.6,27.3,39.3,22.6,29.9,23.2,79.9,0,0,0,,0,0,10.5,6.9,248.7,1012.9,53.5,6.2,259.9,22.5,9,,2021-10-31T06:19:25,2021-10-31T18:07:47,0.85,Partially cloudy,Partly cloudy throughout the day.,partly-cloudy-day,"65125099999,DNAA,remote,65112599999"
abuja,2021-11-01,33,23,27.6,38.1,23,29.9,23.1,78.2,0.1,100,4.17,rain,0,0,15.9,6.9,263.9,1013.4,48.1,6.2,250,21.7,9,,2021-11-01T06:19:36,2021-11-01T18:07:33,0.89,"Rain, Partially cloudy",Partly cloudy throughout the day with afternoon rain.,rain,"65125099999,DNAA,65112599999,remote"
abuja,2021-11-02,30,23,26.4,34.2,23,27.7,23.1,83,0,0,0,,0,0,14.5,5.8,180.1,1014,66.6,6.2,220.3,19.1,8,,2021-11-02T06:19:47,2021-11-02T18:07:19,0.92,Partially cloudy,Partly cloudy throughout the day.,partly-cloudy-day,"65125099999,DNAA,65112599999,remote"
abuja,2021-11-03,33,22,27.1,39.3,22,29.5,23.1,80.5,0,0,0,,0,0,16.3,8.1,166.8,1013,41.1,5.7,263.3,22.8,9,,2021-11-03T06:20:00,2021-11-03T18:07:07,0.95,Partially cloudy,Partly cloudy throughout the day.,partly-cloudy-day,"65125099999,DNAA,65112599999,remote"
abuja,2021-11-04,33,23,27.2,40.6,23,29.4,23,78.8,0.7,100,8.33,rain,0,0,19.7,5.8,96.8,1012.1,66.2,6.2,252,21.8,9,,2021-11-04T06:20:13,2021-11-04T18:06:55,0,"Rain, Partially cloudy",Partly cloudy throughout the day with rain.,rain,"65125099999,DNAA,65112599999,remote"
abuja,2021-11-05,32,23,26.7,36.8,23,28.7,22.9,80.4,0,0,0,,0,0,10.7,15,221.4,1012,61.2,6.2,217.6,18.6,8,,2021-11-05T06:20:27,2021-11-05T18:06:44,0.02,Partially cloudy,Partly cloudy throughout the day.,partly-cloudy-day,"65125099999,DNAA,65112599999,remote"
abuja,2021-11-06,33,22.4,27.6,39.3,22.4,30.5,23.3,78.7,0,0,0,,0,0,13.9,6.9,223.4,1011.2,51.2,6.2,262.3,22.7,9,,2021-11-06T06:20:41,2021-11-06T18:06:35,0.05,Partially cloudy,Clearing in the afternoon.,partly-cloudy-day,"65125099999,DNAA,65112599999,remote"
abuja,2021-11-07,32,23,27.4,37.9,23,29.6,23.1,78.7,0,0,0,,0,0,14.5,8.1,270.2,1010.6,75.8,6.2,228.6,19.8,9,,2021-11-07T06:20:57,2021-11-07T18:06:26,0.09,Partially cloudy,Partly cloudy throughout the day.,partly-cloudy-day,"65125099999,DNAA,remote,65112599999"
abuja,2021-11-08,34,23,26.5,40.6,23,27.9,22.8,82.5,8,100,4.17,rain,0,0,17.7,27.7,53.1,1010.1,76.4,6,245.1,21.2,9,,2021-11-08T06:21:12,2021-11-08T18:06:18,0.12,"Rain, Partially cloudy",Partly cloudy throughout the day with late afternoon rain.,rain,"65125099999,DNAA,65112599999,remote"
abuja,2021-11-09,32,23,25.9,37.9,23,27.4,22.8,84.3,2.2,100,16.67,rain,0,0,14.8,58.2,70.3,1011.1,54.2,6.1,245,21.1,9,,2021-11-09T06:21:29,2021-11-09T18:06:12,0.16,"Rain, Partially cloudy",Partly cloudy throughout the day with rain.,rain,"65125099999,DNAA,65112599999,remote"
abuja,2021-11-10,34,23,27.1,40.6,23,29.7,23.6,82.7,2,100,4.17,rain,0,0,17.4,32.2,93,1012,52.3,6.1,243.5,21.1,9,,2021-11-10T06:21:46,2021-11-10T18:06:06,0.19,"Rain, Partially cloudy",Partly cloudy throughout the day with morning rain.,rain,"65125099999,DNAA,65112599999"
abuja,2021-11-11,32,24,26.6,39.2,24,28.5,23.4,83.2,11,100,4.17,rain,0,0,15.9,13.9,93.4,1011.6,66,6.3,241,20.9,9,,2021-11-11T06:22:04,2021-11-11T18:06:01,0.25,"Rain, Partially cloudy",Partly cloudy throughout the day with early morning rain.,rain,"65125099999,DNAA,remote,65112599999"
abuja,2021-11-12,32.1,24,27.4,39.1,24,29.9,23.3,79.7,0,0,0,,0,0,11.2,13.1,223.7,1010.7,73.2,6.1,248.9,21.5,9,,2021-11-12T06:22:23,2021-11-12T18:05:58,0.26,Partially cloudy,Partly cloudy throughout the day.,partly-cloudy-day,"65125099999,DNAA,65112599999,remote"
abuja,2021-11-13,33,23,27.7,39.3,23,30.2,23.2,78.4,0,0,0,,0,0,9.4,8.1,241.9,1010.6,67.7,6,236,20.5,8,,2021-11-13T06:22:43,2021-11-13T18:05:55,0.3,Partially cloudy,Partly cloudy throughout the day.,partly-cloudy-day,"65125099999,DNAA,65112599999,remote"
abuja,2021-11-14,33.6,23,28.1,38.1,23,30.1,22.5,73.8,0,0,0,,0,0,14.5,8.9,209.6,1011.1,70.5,5.8,250.9,21.8,9,,2021-11-14T06:23:03,2021-11-14T18:05:54,0.33,Partially cloudy,Partly cloudy throughout the day.,partly-cloudy-day,"65125099999,DNAA,65112599999,remote"
abuja,2021-11-15,34,23,28.1,40.6,23,30.5,23.2,76.6,0,0,0,,0,0,11.9,8.1,270.3,1011.7,71.5,6.2,238.4,20.5,9,,2021-11-15T06:23:23,2021-11-15T18:05:54,0.36,Partially cloudy,Partly cloudy throughout the day.,partly-cloudy-day,"65125099999,DNAA,65112599999,remote"
abuja,2021-11-16,33.1,22.7,27.9,38.1,22.7,30.6,22.7,75.2,0,0,0,,0,0,9.4,6.9,210.3,1010.6,71.5,6.3,241.6,20.9,9,,2021-11-16T06:23:45,2021-11-16T18:05:54,0.4,Partially cloudy,Partly cloudy throughout the day.,partly-cloudy-day,"65125099999,DNAA,remote,65112599999"
abuja,2021-11-17,33,23,28.1,39.2,23,31,23.6,77.5,0,0,0,,0,0,15.7,6.9,117.6,1011,61.9,6.2,243.6,21,9,,2021-11-17T06:24:07,2021-11-17T18:05:56,0.43,Partially cloudy,Partly cloudy throughout the day.,partly-cloudy-day,"65125099999,DNAA,65112599999"
abuja,2021-11-18,35,23,28.5,40.6,23,31.3,23.4,76.1,0,0,0,,0,0,11.4,6.9,149.5,1011.7,40.7,6.1,251.7,22,9,,2021-11-18T06:24:29,2021-11-18T18:05:59,0.47,Partially cloudy,Partly cloudy throughout the day.,partly-cloudy-day,"65125099999,DNAA,65112599999,remote"
abuja,2021-11-19,35,22.9,28.6,40.6,22.9,31,22.6,73.2,0,0,0,,0,0,14.5,6.9,285.5,1011.4,33.1,6.2,260.1,22.6,9,,2021-11-19T06:24:53,2021-11-19T18:06:02,0.5,Partially cloudy,Clearing in the afternoon.,partly-cloudy-day,"65125099999,DNAA,65112599999,remote"
abuja,2021-11-20,34,23,28.1,40.6,23,30.5,22.6,73.7,0,0,0,,0,0,13.2,6.9,221.1,1010.8,55.9,6.2,260.3,22.7,9,,2021-11-20T06:25:16,2021-11-20T18:06:07,0.54,Partially cloudy,Partly cloudy throughout the day.,partly-cloudy-day,"65125099999,DNAA,remote,65112599999"
abuja,2021-11-21,35,22.2,28.2,39.5,22.2,30.7,22.8,75,0,0,0,,0,0,15,5.8,257.4,1010.1,32.2,6.3,255.7,22.1,9,,2021-11-21T06:25:41,2021-11-21T18:06:13,0.57,Partially cloudy,Partly cloudy throughout the day.,partly-cloudy-day,"65125099999,DNAA,65112599999,remote"
abuja,2021-11-22,34,22.6,28.4,39.4,22.6,30.8,22.6,72.8,0,0,0,,0,0,10.7,6.9,258.5,1011.2,49.6,5.9,242.7,21.1,9,,2021-11-22T06:26:06,2021-11-22T18:06:20,0.6,Partially cloudy,Clearing in the afternoon.,partly-cloudy-day,"65125099999,DNAA,remote,65112599999"
abuja,2021-11-23,36,23,28.8,39.8,23,31,22.5,71.9,0,0,0,,0,0,13,10.2,215.1,1012.4,48,5.8,238.9,20.8,9,,2021-11-23T06:26:31,2021-11-23T18:06:28,0.64,Partially cloudy,Partly cloudy throughout the day.,partly-cloudy-day,"65125099999,DNAA,65112599999,remote"
abuja,2021-11-24,35.1,22.9,28.1,40.6,22.9,30.4,23,76.7,0,0,0,,0,0,12.8,10.2,311.4,1012,70.2,6.4,245.8,21.2,9,,2021-11-24T06:26:58,2021-11-24T18:06:37,0.67,Partially cloudy,Partly cloudy throughout the day.,partly-cloudy-day,"65125099999,DNAA,65112599999,remote"
abuja,2021-11-25,35,22.4,28.6,40.6,22.4,30.2,21.1,67.3,0,0,0,,0,0,11,6.9,105.3,1010.5,24.2,6.4,252.8,21.7,9,,2021-11-25T06:27:24,2021-11-25T18:06:47,0.7,Partially cloudy,Clearing in the afternoon.,partly-cloudy-day,"65125099999,DNAA,65112599999,remote"
abuja,2021-11-26,35.3,21.9,28.5,34.8,21.9,28.5,16.6,53.9,0,0,0,,0,0,14.3,69.1,166.4,1010.6,24.8,4.4,264.7,22.9,9,,2021-11-26T06:27:51,2021-11-26T18:06:58,0.74,Partially cloudy,Partly cloudy throughout the day.,wind,"65125099999,DNAA,65112599999,remote"
abuja,2021-11-27,36,17,26.5,35.4,17,26.8,16.5,58.9,0,0,0,,0,0,12.3,6.9,100.9,1011.7,30.1,6,265.2,22.9,9,,2021-11-27T06:28:19,2021-11-27T18:07:10,0.75,Partially cloudy,Partly cloudy throughout the day.,partly-cloudy-day,"65125099999,DNAA,remote,65112599999"
abuja,2021-11-28,34,19,26.3,38.3,19,27.4,19.1,67.2,0,0,0,,0,0,12.8,6.9,92.9,1011.5,66.4,6.2,259.8,22.5,9,,2021-11-28T06:28:47,2021-11-28T18:07:23,0.8,Partially cloudy,Partly cloudy throughout the day.,partly-cloudy-day,"65125099999,DNAA,65112599999,remote"
abuja,2021-11-29,36,18,26.2,35.8,18,26.3,17.4,63.8,0,0,0,,0,0,11.9,6.9,83,1011.6,45.4,6.2,254,21.8,9,,2021-11-29T06:29:15,2021-11-29T18:07:37,0.84,Partially cloudy,Partly cloudy throughout the day.,partly-cloudy-day,"65125099999,DNAA,remote,65112599999"
abuja,2021-11-30,36.6,20,27,37.1,20,27.2,17.5,61.9,0,0,0,,0,0,14.8,10.3,72.8,1011.8,39.3,6.2,260.1,22.4,9,,2021-11-30T06:29:44,2021-11-30T18:07:52,0.87,Partially cloudy,Partly cloudy throughout the day.,partly-cloudy-day,"65125099999,DNAA,65112599999,remote"
abuja,2021-12-01,37,18.1,27.4,36.5,18.1,26.9,14,49.9,0,0,0,,0,0,19,15,65.8,1010.8,64.4,6.3,261.9,22.5,9,,2021-12-01T06:30:13,2021-12-01T18:08:07,0.9,Partially cloudy,Partly cloudy throughout the day.,partly-cloudy-day,"65125099999,DNAA,65112599999,remote"
abuja,2021-12-02,35,18,26.3,35.7,18,26.6,17,60.3,0,0,0,,0,0,10.3,6.9,96.1,1010.4,24.5,6.2,254.8,22,9,,2021-12-02T06:30:43,2021-12-02T18:08:24,0.94,Partially cloudy,Partly cloudy throughout the day.,partly-cloudy-day,"65125099999,DNAA,remote,65112599999"
abuja,2021-12-03,36,19,27.1,36.8,19,27.4,16.8,56.8,0,0,0,,0,0,12.8,10.3,112.7,1011,14.7,3.5,258.5,22.2,9,,2021-12-03T06:31:12,2021-12-03T18:08:42,0.97,Clear,Clear conditions throughout the day.,clear-day,"65125099999,DNAA,65112599999,remote"
abuja,2021-12-04,35.6,20,27.4,37.8,20,28.2,19.2,64.4,0,0,0,,0,0,12.8,46.1,107.2,1012,24.4,4.2,254.9,22,9,,2021-12-04T06:31:43,2021-12-04T18:09:00,0,Partially cloudy,Partly cloudy throughout the day.,wind,"65125099999,DNAA,65112599999"
abuja,2021-12-05,35,21,27.7,36.3,21,28.1,18,59.4,70,100,4.17,rain,0,0,15.7,11.4,103.7,1011.5,39.8,3.9,253.4,21.9,9,,2021-12-05T06:32:13,2021-12-05T18:09:20,0.04,"Rain, Partially cloudy",Partly cloudy throughout the day with morning rain.,rain,"65125099999,DNAA,65112599999,remote"
abuja,2021-12-06,36,20.6,27.6,36.8,20.6,27.6,16.7,56.3,0,0,0,,0,0,13.9,6.9,85.2,1011.9,52.3,5.5,252,21.7,9,,2021-12-06T06:32:44,2021-12-06T18:09:40,0.07,Partially cloudy,Partly cloudy throughout the day.,partly-cloudy-day,"65125099999,DNAA,remote,65112599999"
abuja,2021-12-07,34,20,27.2,34.1,20,27.2,17.2,58.5,0,0,0,,0,0,11.2,6.9,86.4,1012.6,17,4.1,250.5,21.6,9,,2021-12-07T06:33:14,2021-12-07T18:10:01,0.11,Clear,Clear conditions throughout the day.,clear-day,"65125099999,DNAA,remote,65112599999"
abuja,2021-12-08,35,21,27,35.2,21,27,14.9,49.9,0,0,0,,0,0,15.4,6.9,36.4,1013.1,19.7,3.7,254.5,21.8,9,,2021-12-08T06:33:45,2021-12-08T18:10:22,0.14,Clear,Clear conditions throughout the day.,clear-day,"65125099999,DNAA,remote,65112599999"
abuja,2021-12-09,35.6,19,27,35.3,19,26.8,14.5,50.1,0,0,0,,0,0,12.5,8.1,81.7,1011.5,10.6,3.4,255.9,21.9,9,,2021-12-09T06:34:16,2021-12-09T18:10:45,0.17,Clear,Clear conditions throughout the day.,clear-day,"65125099999,DNAA,65112599999,remote"
abuja,2021-12-10,35,19.1,26.6,34,19.1,26.1,13.8,50.3,0,0,0,,0,0,19.9,9.2,88.9,1009.8,14.6,3.2,257.5,22.1,9,,2021-12-10T06:34:47,2021-12-10T18:11:08,0.21,Clear,Clear conditions throughout the day.,clear-day,"65125099999,DNAA,remote,65112599999"
abuja,2021-12-11,36,18.7,27,34.8,18.7,26.5,13.3,46.9,60,100,4.17,rain,0,0,16.8,8.1,95.7,1010,12.7,3.5,253.4,21.8,9,,2021-12-11T06:35:19,2021-12-11T18:11:32,0.25,Rain,Clear conditions throughout the day with afternoon rain.,rain,"65125099999,DNAA,65112599999"
abuja,2021-12-12,37,19,27.4,36.1,19,27.1,13.5,46,0,0,0,,0,0,17,9.2,82,1010.4,42.5,4.8,250.3,21.7,9,,2021-12-12T06:35:50,2021-12-12T18:11:57,0.27,Partially cloudy,Partly cloudy throughout the day.,partly-cloudy-day,"65125099999,DNAA,65112599999,remote"
abuja,2021-12-13,37,19,27,36.2,19,26.6,13.5,47.4,130,100,4.17,rain,0,0,14.5,17.1,92.9,1012.5,43.4,5.5,253,21.8,9,,2021-12-13T06:36:21,2021-12-13T18:12:22,0.31,"Rain, Partially cloudy",Partly cloudy throughout the day with morning rain.,rain,"65125099999,DNAA,65112599999,remote"
abuja,2021-12-14,36.1,18.9,27.1,36.3,18.9,27,14.7,50.4,0,0,0,,0,0,13.2,8.1,112.7,1010.4,46.4,6.1,252.5,21.9,9,,2021-12-14T06:36:53,2021-12-14T18:12:48,0.34,Partially cloudy,Partly cloudy throughout the day.,partly-cloudy-day,"65125099999,DNAA,65112599999,remote"
abuja,2021-12-15,35,19,26.9,36.3,19,27.1,15.8,53.9,0,0,0,,0,0,14.8,11.4,55.6,1010.9,37.6,5.5,245.8,21.2,9,,2021-12-15T06:37:24,2021-12-15T18:13:15,0.37,Partially cloudy,Clearing in the afternoon.,partly-cloudy-day,"65125099999,DNAA,65112599999,remote"
abuja,2021-12-16,35,18.6,27,34,18.6,26.5,10.5,37.5,0,0,0,,0,0,17.4,9.2,34.9,1011.8,16.4,3.9,250.2,21.7,9,,2021-12-16T06:37:55,2021-12-16T18:13:42,0.41,Clear,Clear conditions throughout the day.,clear-day,"65125099999,DNAA,remote,65112599999"
abuja,2021-12-17,35,19.1,26.3,33.3,19.1,25.7,11.2,42,0,0,0,,0,0,17,7.4,45.6,1012.9,8,3,251.3,21.8,9,,2021-12-17T06:38:26,2021-12-17T18:14:10,0.44,Clear,Clear conditions throughout the day.,clear-day,"65125099999,DNAA,remote,65112599999"
abuja,2021-12-18,34,19,25.6,32.5,19,25,9.6,38.7,0,0,0,,0,0,16.1,12.8,57.3,1013.1,2.8,1.9,253.4,22.1,9,,2021-12-18T06:38:56,2021-12-18T18:14:38,0.48,Clear,Clear conditions throughout the day.,clear-day,"65125099999,DNAA,65112599999,remote"
abuja,2021-12-19,33.8,19.3,25.8,32.3,19.3,25.2,10.3,39.5,0,0,0,,0,0,18.1,9.2,69.4,1012.3,5.8,2.8,251,21.7,9,,2021-12-19T06:39:27,2021-12-19T18:15:07,0.5,Clear,Clear conditions throughout the day.,clear-day,"65125099999,DNAA,65112599999,remote"
abuja,2021-12-20,35,19,25.6,33.7,19,25.2,11.1,42.9,0,0,0,,0,0,15.9,9.2,45.5,1012.5,19,4,250.9,21.6,9,,2021-12-20T06:39:57,2021-12-20T18:15:36,0.54,Clear,Clear conditions throughout the day.,clear-day,"65125099999,DNAA,65112599999,remote"
abuja,2021-12-21,35,19.2,26.5,34,19.2,26.1,10.2,37.8,0,0,0,,0,0,16.8,9.2,59.8,1012,9.2,5.1,250.8,21.6,9,,2021-12-21T06:40:27,2021-12-21T18:16:06,0.58,Clear,Clear conditions throughout the day.,clear-day,"65125099999,DNAA,remote,65112599999"
abuja,2021-12-22,35,19,26.9,34.7,19,26.6,12.3,42.6,0,0,0,,0,0,15.9,10.3,44.4,1012.6,13.6,3.2,249.1,21.4,9,,2021-12-22T06:40:57,2021-12-22T18:16:36,0.61,Clear,Clear conditions throughout the day.,clear-day,"65125099999,DNAA,remote,65112599999"
abuja,2021-12-23,37,21,27.8,36.5,21,27.4,11.8,38.9,0,0,0,,0,0,17.9,10.3,77.4,1011,18,2.2,241.6,20.9,9,,2021-12-23T06:41:27,2021-12-23T18:17:06,0.65,Clear,Clear conditions throughout the day.,clear-day,"DNAA,remote,65112599999"
abuja,2021-12-24,35.2,21,26.9,33.5,21,26.4,11,39.5,0,0,0,,0,0,14.3,8.1,67.7,1010.3,33.9,3.4,250.2,21.6,9,,2021-12-24T06:41:56,2021-12-24T18:17:36,0.68,Partially cloudy,Partly cloudy throughout the day.,partly-cloudy-day,"65125099999,DNAA,remote,65112599999"
abuja,2021-12-25,36,20,27.2,35,20,26.7,12.2,42.2,0,0,0,,0,0,13,5.8,45.2,1010.8,23.3,4.4,249.6,21.5,9,,2021-12-25T06:42:24,2021-12-25T18:18:07,0.71,Partially cloudy,Partly cloudy throughout the day.,partly-cloudy-day,"65125099999,DNAA,remote,65112599999"
abuja,2021-12-26,35.4,18.6,27.5,33.7,18.6,26.9,9.9,35,0,0,0,,0,0,15.9,6.9,73.3,1010.8,66.4,4.4,245,21.2,9,,2021-12-26T06:42:52,2021-12-26T18:18:39,0.75,Partially cloudy,Partly cloudy throughout the day.,partly-cloudy-day,"65125099999,DNAA,remote,65112599999"
abuja,2021-12-27,35.1,20,27.6,34.5,20,27.3,12.6,40.9,0,0,0,,0,0,11,6.9,51.8,1012.1,7.1,3.8,246.9,21.4,8,,2021-12-27T06:43:20,2021-12-27T18:19:10,0.75,Clear,Clear conditions throughout the day.,clear-day,"65125099999,DNAA,65112599999,remote"
abuja,2021-12-28,35,20.2,26.7,34.3,20.2,26.2,11.2,39.8,0,0,0,,0,0,13,10.3,40.4,1012.7,16.1,4.4,245.9,21.2,9,,2021-12-28T06:43:47,2021-12-28T18:19:41,0.82,Clear,Clear conditions throughout the day.,clear-day,"65125099999,DNAA,65112599999,remote"
abuja,2021-12-29,34,19,26.2,32.5,19,25.7,10,37.8,0,0,0,,0,0,12.8,8.1,353.2,1013,55.7,5.6,227.7,19.8,8,,2021-12-29T06:44:14,2021-12-29T18:20:13,0.85,Partially cloudy,Partly cloudy throughout the day.,partly-cloudy-day,"65125099999,DNAA,65112599999,remote"
abuja,2021-12-30,33.2,19,26.1,31,19,25.5,9.9,39.9,0,0,0,,0,0,10.3,8.1,62,1011.5,42.4,6.2,239.6,20.6,9,,2021-12-30T06:44:40,2021-12-30T18:20:45,0.89,Partially cloudy,Clearing in the afternoon.,partly-cloudy-day,"DNAA,65112599999,remote"
abuja,2021-12-31,35,20.1,27.3,34,20.1,26.8,10.3,35.4,0,0,0,,0,0,13.9,6.9,339.2,1012.1,10.5,5,249.6,21.5,9,,2021-12-31T06:45:06,2021-12-31T18:21:17,0.92,Clear,Clear conditions throughout the day.,clear-day,"DNAA,remote,65112599999"
abuja,2022-01-01,35,19,26.8,34.3,19,26.4,11.7,41.1,0,0,0,,0,0,16.3,8.1,68.5,1012.6,12.7,4.6,247.5,21.3,9,,2022-01-01T06:45:31,2022-01-01T18:21:49,0.95,Clear,Clear conditions throughout the day.,clear-day,"DNAA,remote,65112599999"
abuja,2022-01-02,36,19,26.6,34.8,19,26,9.3,35.1,0,0,0,,0,0,14.5,11.4,32.3,1011.5,48.2,6.2,250.9,21.8,9,,2022-01-02T06:45:55,2022-01-02T18:22:21,0,Partially cloudy,Partly cloudy throughout the day.,partly-cloudy-day,"DNAA,65112599999,remote"
abuja,2022-01-03,34,18,26.2,32.3,18,25.6,8.3,33.6,0,0,0,,0,0,15.7,8.1,32.2,1011.8,41,5.6,252,21.9,9,,2022-01-03T06:46:18,2022-01-03T18:22:53,0.02,Partially cloudy,Partly cloudy throughout the day.,partly-cloudy-day,"65125099999,DNAA,65112599999,remote"
abuja,2022-01-04,33,18,25.1,31.5,18,24.7,10.8,43.3,60,100,4.17,rain,0,0,14.8,11.4,83.5,1012.8,20.6,3.7,240.7,20.9,8,,2022-01-04T06:46:41,2022-01-04T18:23:25,0.06,"Rain, Partially cloudy",Partly cloudy throughout the day with morning rain.,rain,"65125099999,DNAA,65112599999,remote"
abuja,2022-01-05,32.7,18.7,26,31.3,18.7,25.4,12.5,46.3,0,0,0,,0,0,13,5.8,57.2,1012.5,45.2,3,247.5,21.4,9,,2022-01-05T06:47:03,2022-01-05T18:23:56,0.09,Partially cloudy,Partly cloudy throughout the day.,partly-cloudy-day,"65125099999,DNAA,65112599999,remote"
abuja,2022-01-06,36,21,27.5,35.4,21,27.2,13.1,43.1,0,0,0,,0,0,13.4,11.2,70,1011.3,16.7,4.1,246.7,21.3,9,,2022-01-06T06:47:25,2022-01-06T18:24:28,0.12,Clear,Clear conditions throughout the day.,clear-day,"65125099999,DNAA,65112599999,remote"
abuja,2022-01-07,36,19.7,27.2,35.8,19.7,27,14.9,49.9,0,0,0,,0,0,15,7,92.1,1011.6,8.6,2.8,251,21.7,9,,2022-01-07T06:47:46,2022-01-07T18:24:59,0.15,Clear,Clear conditions throughout the day.,clear-day,"65125099999,DNAA,65112599999,remote"
abuja,2022-01-08,35.1,21.5,27.7,35.4,21.5,27.7,15.6,50.1,0,0,0,,0,0,14.3,6.9,144.2,1011.2,17.2,2.7,249.5,21.6,9,,2022-01-08T06:48:05,2022-01-08T18:25:31,0.19,Clear,Clear conditions throughout the day.,clear-day,"65125099999,DNAA,remote,65112599999"
abuja,2022-01-09,35,20.4,27.2,36.2,20.4,27.4,16,52.8,0,0,0,,0,0,13.6,8.1,82,1011.6,14,3.6,249.4,21.6,9,,2022-01-09T06:48:24,2022-01-09T18:26:02,0.25,Clear,Clear conditions throughout the day.,clear-day,"65125099999,DNAA,65112599999,remote"
abuja,2022-01-10,35,21,28.1,35.2,21,28,13.7,43.2,0,0,0,,0,0,17.7,8.1,37.1,1010.1,17.6,4.8,249.6,21.5,9,10,2022-01-10T06:48:43,2022-01-10T18:26:33,0.25,Clear,Clear conditions throughout the day.,clear-day,"65125099999,DNAA,65112599999,remote"
abuja,2022-01-11,34,18.9,27,33.7,18.9,26.7,13.3,44.9,0,0,0,,0,0,17,10.3,101.3,1010.9,7.8,6,251.9,21.8,9,10,2022-01-11T06:49:00,2022-01-11T18:27:03,0.29,Clear,Clear conditions throughout the day.,clear-day,"65125099999,DNAA,65112599999,remote"
abuja,2022-01-12,35,19.6,27,34,19.6,26.5,12.9,45.1,70,100,4.17,rain,0,0,17.4,63.3,186,1011.9,14.4,5.2,251.6,21.7,9,10,2022-01-12T06:49:16,2022-01-12T18:27:34,0.32,Rain,Clear conditions throughout the day with early morning rain.,rain,"65125099999,DNAA,65112599999,remote"
abuja,2022-01-13,34,20.2,26.1,37.3,20.2,26.7,17,58.1,0,0,0,,0,0,11.4,48.3,188.2,1013.6,17.2,3.6,243,21.1,9,10,2022-01-13T06:49:32,2022-01-13T18:28:04,0.35,Clear,Clear conditions throughout the day.,wind,"65125099999,DNAA,65112599999,remote"
abuja,2022-01-14,35,20.2,27.7,38.5,20.2,28.7,18,57.3,0,0,0,,0,0,12.8,8.1,100.5,1013.6,22.8,4.2,243.7,21.1,9,10,2022-01-14T06:49:47,2022-01-14T18:28:33,0.38,Partially cloudy,Partly cloudy throughout the day.,partly-cloudy-day,"65125099999,DNAA,65112599999,remote"
abuja,2022-01-15,35,21,28,37.7,21,28.7,17.6,56.8,0,0,0,,0,0,9.6,13.3,30.1,1012.2,30.8,4.7,246.2,21.3,9,10,2022-01-15T06:50:00,2022-01-15T18:29:03,0.42,Partially cloudy,Partly cloudy throughout the day.,partly-cloudy-day,"65125099999,DNAA,remote,65112599999"
abuja,2022-01-16,35,20,27.6,38.2,20,28.3,15.3,47.8,130,100,4.17,rain,0,0,17.2,10.3,128.8,1012.6,25.8,6.1,240.2,20.9,9,10,2022-01-16T06:50:13,2022-01-16T18:29:31,0.45,"Rain, Partially cloudy",Partly cloudy throughout the day with afternoon rain.,rain,"65125099999,DNAA,65112599999,remote"
abuja,2022-01-17,34,19,26.3,37.3,19,26.9,16,54.1,80,100,8.33,rain,0,0,21.9,11.4,121.9,1014,33.1,5.8,218.8,18.9,8,10,2022-01-17T06:50:25,2022-01-17T18:30:00,0.48,"Rain, Partially cloudy",Becoming cloudy in the afternoon with rain clearing later.,rain,"65125099999,DNAA,65112599999,remote"
abuja,2022-01-18,33.2,22,27.2,32.2,22,26.6,10.3,35.6,0,0,0,,0,0,14.1,10.3,60.4,1015.3,71.8,8,238.6,20.6,9,10,2022-01-18T06:50:36,2022-01-18T18:30:28,0.5,Partially cloudy,Partly cloudy throughout the day.,partly-cloudy-day,"65125099999,DNAA,65112599999,remote"
abuja,2022-01-19,33.1,19.8,25.6,31.7,19.8,25.2,11.4,43.5,0,0,0,,0,0,20.1,13.9,41.9,1014.8,30.7,6,256.7,22.1,9,10,2022-01-19T06:50:46,2022-01-19T18:30:55,0.55,Partially cloudy,Partly cloudy throughout the day.,partly-cloudy-day,"65125099999,DNAA,65112599999,remote"
abuja,2022-01-20,35,17,26,34,17,25.4,10.1,38.6,0,0,0,,0,0,15.2,10.3,33.5,1014,18.8,5.3,259.8,22.5,9,10,2022-01-20T06:50:55,2022-01-20T18:31:23,0.59,Clear,Clear conditions throughout the day.,clear-day,"65125099999,DNAA,65112599999,remote"
abuja,2022-01-21,35,18,25.6,33.7,18,25.1,9.6,37.7,0,0,0,,0,0,14.5,10.3,56.6,1013,28.5,5.4,260.8,22.5,9,10,2022-01-21T06:51:03,2022-01-21T18:31:49,0.62,Partially cloudy,Partly cloudy throughout the day.,partly-cloudy-day,"65125099999,DNAA,65112599999,remote"
abuja,2022-01-22,35,18,25.8,34.1,18,25.4,10.6,40.2,200,100,12.5,rain,0,0,13.4,57.5,136.4,1013,12.6,4,263,22.5,9,10,2022-01-22T06:51:10,2022-01-22T18:32:15,0.66,Rain,Clear conditions throughout the day with rain clearing later.,rain,"65125099999,DNAA,remote,65112599999"
abuja,2022-01-23,35.1,19,26.6,34,19,26,9.9,36.6,270,100,8.33,rain,0,0,14.8,12.8,48.7,1012.5,12.3,5.7,265.7,22.9,9,10,2022-01-23T06:51:16,2022-01-23T18:32:41,0.69,Rain,Clear conditions throughout the day with rain.,rain,"65125099999,DNAA,65112599999,remote"
abuja,2022-01-24,35,19,26.7,34,19,26.2,10.1,36.8,0,0,0,,0,0,16.6,46.1,139,1011.6,12.2,6.6,267.8,23.2,9,10,2022-01-24T06:51:21,2022-01-24T18:33:05,0.73,Clear,Clear conditions throughout the day.,wind,"65125099999,DNAA,remote,65112599999"
abuja,2022-01-25,35,19.1,26.9,33.7,19.1,26.2,7.3,29.5,0,0,0,,0,0,18.6,10.3,26.7,1011.5,17.5,6.9,269.4,23.4,9,10,2022-01-25T06:51:24,2022-01-25T18:33:30,0.75,Clear,Clear conditions throughout the day.,clear-day,"65125099999,DNAA,65112599999,remote"
abuja,2022-01-26,36,19,26.5,34.3,19,26,8.6,33.3,70,100,4.17,rain,0,0,18.3,9.2,76.5,1011.2,8.1,4.7,270.3,23.4,9,10,2022-01-26T06:51:27,2022-01-26T18:33:54,0.8,Rain,Clear conditions throughout the day with morning rain.,rain,"65125099999,DNAA,65112599999,remote"
abuja,2022-01-27,35,19,26,33.5,19,25.4,8.8,35.2,50,100,4.17,rain,0,0,13.4,9.2,85,1011.9,7,5.4,271,23.4,9,10,2022-01-27T06:51:29,2022-01-27T18:34:17,0.83,Rain,Clear conditions throughout the day with early morning rain.,rain,"65125099999,DNAA,65112599999,remote"
abuja,2022-01-28,35.1,19,26.4,34,19,25.9,9.8,36.7,0,0,0,,0,0,16.3,10.3,73.8,1012.5,19,4.8,271.5,23.5,9,10,2022-01-28T06:51:30,2022-01-28T18:34:39,0.87,Clear,Clear conditions throughout the day.,clear-day,"65125099999,DNAA,remote,65112599999"
abuja,2022-01-29,36,18.9,27,34.8,18.9,26.3,9.5,36.1,0,0,0,,0,0,19.5,46.1,41.8,1012.6,20.2,4.4,277.2,23.9,10,10,2022-01-29T06:51:30,2022-01-29T18:35:01,0.9,Partially cloudy,Partly cloudy throughout the day.,wind,"65125099999,DNAA,remote,65112599999"
abuja,2022-01-30,36,19,26.9,34.5,19,26.2,6.5,28.2,0,0,0,,0,0,19.5,12.8,45.5,1012.9,17.6,4.3,277.3,24,10,10,2022-01-30T06:51:29,2022-01-30T18:35:22,0.94,Clear,Clear conditions throughout the day.,clear-day,"65125099999,DNAA,65112599999,remote"
abuja,2022-01-31,35.2,16,26.4,33.2,16,25.6,5.3,27.4,0,0,0,,0,0,19.9,13.9,48,1011.9,11.4,5.5,278.5,24.3,10,10,2022-01-31T06:51:27,2022-01-31T18:35:43,0.97,Clear,Clear conditions throughout the day.,clear-day,"65125099999,DNAA,remote,65112599999"
abuja,2022-02-01,34,18.5,25.7,31.9,18.5,25,5.3,28.2,180,100,8.33,rain,0,0,15.2,10.3,29.3,1011.8,11.5,6.6,277.3,24,10,10,2022-02-01T06:51:24,2022-02-01T18:36:03,0,Rain,Clear conditions throughout the day with rain.,rain,"65125099999,DNAA,65112599999,remote"
abuja,2022-02-02,35,17,26.2,32.9,17,25.4,7.7,33,0,0,0,,0,0,15.4,9.2,43,1012,11.3,4.5,273.8,23.5,9,10,2022-02-02T06:51:20,2022-02-02T18:36:22,0.04,Clear,Clear conditions throughout the day.,clear-day,"65125099999,DNAA,65112599999,remote"
abuja,2022-02-03,35,18,26.1,33.3,18,25.5,9.6,37.7,0,0,0,,0,0,19.9,9.2,69.3,1013.6,19.5,3.6,272.9,23.5,9,10,2022-02-03T06:51:14,2022-02-03T18:36:41,0.07,Clear,Clear conditions throughout the day.,clear-day,"65125099999,DNAA,65112599999,remote"
abuja,2022-02-04,35,20,26.9,33.3,20,26.1,7.3,31.1,110,100,4.17,rain,0,0,16.1,9.2,44.7,1013.6,16.8,6.4,275,23.7,9,10,2022-02-04T06:51:08,2022-02-04T18:36:59,0.1,Rain,Clear conditions throughout the day with morning rain.,rain,"65125099999,DNAA,remote,65112599999"
abuja,2022-02-05,36,20,27.4,34.1,20,26.5,6,26.7,0,0,0,,0,0,15,9.2,29.6,1012.7,14.8,5.6,275.7,23.9,10,10,2022-02-05T06:51:01,2022-02-05T18:37:17,0.14,Clear,Clear conditions throughout the day.,clear-day,"65125099999,DNAA,remote,65112599999"
abuja,2022-02-06,35.7,18.7,26.7,33.9,18.7,26,8,32,0,0,0,,0,0,14.8,8.1,62,1012.1,11.2,3.3,279.1,24.1,10,10,2022-02-06T06:50:53,2022-02-06T18:37:33,0.17,Clear,Clear conditions throughout the day.,clear-day,"65125099999,DNAA,remote,65112599999"
abuja,2022-02-07,36.2,20,27.5,34.8,20,26.7,9.5,34.8,0,0,0,,0,0,13.2,6.9,67.6,1011.6,21.1,5.7,278.2,24.1,10,10,2022-02-07T06:50:44,2022-02-07T18:37:49,0.2,Partially cloudy,Becoming cloudy in the afternoon.,partly-cloudy-day,"65125099999,DNAA,remote,65112599999"
abuja,2022-02-08,37,20.2,27.9,35.6,20.2,27.3,10.8,37,0,0,0,,0,0,15,8.1,72.4,1011.4,17.7,4.4,278.9,24.1,10,10,2022-02-08T06:50:34,2022-02-08T18:38:05,0.25,Clear,Clear conditions throughout the day.,clear-day,"65125099999,DNAA,remote,65112599999"
abuja,2022-02-09,37,21,28.6,36.2,21,28.1,11.4,36.3,0,0,0,,0,0,16.3,8.1,72.5,1011.2,8.4,5.8,279.8,24.3,10,10,2022-02-09T06:50:23,2022-02-09T18:38:19,0.27,Clear,Clear conditions throughout the day.,clear-day,"65125099999,DNAA,remote,65112599999"
abuja,2022-02-10,38.6,21,29.1,36.5,21,28.1,8.6,29.9,0,0,0,,0,0,15.2,8.1,59,1010.9,34,5.4,281.7,24.4,10,10,2022-02-10T06:50:12,2022-02-10T18:38:33,0.3,Partially cloudy,Becoming cloudy in the afternoon.,partly-cloudy-day,"65125099999,DNAA,65112599999,remote"
abuja,2022-02-11,38,17.1,28.1,36.6,17.1,27.3,8.2,30.4,40,100,4.17,rain,0,0,17.2,9.2,44.6,1009.7,23.1,6.9,288.8,24.9,10,10,2022-02-11T06:49:59,2022-02-11T18:38:47,0.33,"Rain, Partially cloudy",Partly cloudy throughout the day with morning rain.,rain,"65125099999,DNAA,remote,65112599999"
abuja,2022-02-12,36.7,17,27.4,35.7,17,26.7,8.2,31.6,0,0,0,,0,0,16.6,65.5,163.4,1010.5,28.9,6.4,285.2,24.6,10,10,2022-02-12T06:49:45,2022-02-12T18:39:00,0.36,Partially cloudy,Partly cloudy throughout the day.,wind,"65125099999,DNAA,65112599999,remote"
abuja,2022-02-13,36.2,19,27.5,34.8,19,26.8,8.6,31.9,0,0,0,,0,0,14.1,65.5,187.2,1011.3,30,5.2,282.4,24.5,10,10,2022-02-13T06:49:31,2022-02-13T18:39:12,0.39,Partially cloudy,Partly cloudy throughout the day.,wind,"65125099999,DNAA,65112599999,remote"
abuja,2022-02-14,38,18.6,28.5,37.3,18.6,27.9,10.1,33.9,80,100,4.17,rain,0,0,15.2,9.2,75.9,1010.8,29.1,5.9,284.8,24.6,10,10,2022-02-14T06:49:15,2022-02-14T18:39:23,0.43,"Rain, Partially cloudy",Clearing in the afternoon with morning rain.,rain,"65125099999,DNAA,65112599999,remote"
abuja,2022-02-15,39,21,29.1,37.4,21,28.3,8.4,29.2,0,0,0,,0,0,15.2,8.1,70.8,1010.6,32.6,7.7,284.1,24.5,10,10,2022-02-15T06:48:59,2022-02-15T18:39:34,0.46,Partially cloudy,Partly cloudy throughout the day.,partly-cloudy-day,"65125099999,DNAA,remote,65112599999"
abuja,2022-02-16,36,21.1,28.2,38.5,21.1,28.5,12.8,39.1,0,0,0,,0,0,15,8.1,46.7,1010.8,25.9,7.2,274.1,23.7,10,10,2022-02-16T06:48:42,2022-02-16T18:39:44,0.5,Partially cloudy,Partly cloudy throughout the day.,partly-cloudy-day,"65125099999,DNAA,remote,65112599999"
abuja,2022-02-17,38,22,30.1,38.6,22,30,14.9,42.1,0,0,0,,0,0,11.9,9.2,95.5,1009.1,19.5,7.3,275.6,24,10,10,2022-02-17T06:48:24,2022-02-17T18:39:54,0.53,Clear,Clear conditions throughout the day.,clear-day,"65125099999,DNAA,remote,65112599999"
abuja,2022-02-18,38.2,23.6,29.9,38.1,23.6,29.1,9,29.5,0,0,0,,0,0,14.3,8.1,67.7,1008.6,34.1,9.7,284.9,24.5,10,10,2022-02-18T06:48:06,2022-02-18T18:40:03,0.56,Partially cloudy,Partly cloudy throughout the day.,partly-cloudy-day,"65125099999,DNAA,remote,65112599999"
abuja,2022-02-19,38,22.7,29.9,36.1,22.7,28.7,6.2,23.7,0,0,0,,0,0,18.8,10.3,54.3,1010.4,23.5,6.7,291.2,25.1,10,10,2022-02-19T06:47:46,2022-02-19T18:40:11,0.6,Partially cloudy,Partly cloudy throughout the day.,partly-cloudy-day,"65125099999,DNAA,remote,65112599999"
abuja,2022-02-20,37,20.1,29,35.3,20.1,28.1,7.8,27.2,0,0,0,,0,0,16.8,8.1,56,1011.9,23.3,5.2,287.7,24.9,10,10,2022-02-20T06:47:26,2022-02-20T18:40:19,0.63,Partially cloudy,Partly cloudy throughout the day.,partly-cloudy-day,"65125099999,DNAA,65112599999,remote"
abuja,2022-02-21,37,20,28.7,35.8,20,27.8,8.2,29,0,0,0,,0,0,14.3,6.9,359.1,1011.7,8.1,2.4,293.2,25.4,10,10,2022-02-21T06:47:05,2022-02-21T18:40:26,0.67,Clear,Clear conditions throughout the day.,clear-day,"65125099999,DNAA,65112599999,remote"
abuja,2022-02-22,37,23,29.3,34.6,23,28.2,6,24.6,0,0,0,,0,0,16.6,17.2,89.8,1011.6,22.2,4.4,292.9,25.4,10,10,2022-02-22T06:46:43,2022-02-22T18:40:33,0.71,Partially cloudy,Partly cloudy throughout the day.,partly-cloudy-day,"65125099999,DNAA,65112599999,remote"
abuja,2022-02-23,37,21.1,29,35.3,21.1,28.2,9.7,32,0,0,0,,0,0,15.7,4.7,85.5,1011.8,19.1,7.1,290.7,25.1,10,10,2022-02-23T06:46:21,2022-02-23T18:40:39,0.75,Clear,Clear conditions throughout the day.,clear-day,"65125099999,DNAA,remote,65112599999"
abuja,2022-02-24,37,21,29.3,36.2,21,28.8,11.7,35.6,0,0,0,,0,0,17.9,11.4,86.2,1011.4,19.5,5.4,289.8,25.1,10,10,2022-02-24T06:45:58,2022-02-24T18:40:44,0.78,Clear,Clear conditions throughout the day.,clear-day,"65125099999,DNAA,65112599999,remote"
abuja,2022-02-25,39,23,30.8,36.1,23,29.5,5.7,22,130,100,4.17,rain,0,0,15.7,65.5,109.4,1010.7,23.3,7,296.7,25.6,10,10,2022-02-25T06:45:34,2022-02-25T18:40:49,0.81,"Rain, Partially cloudy",Partly cloudy throughout the day with morning rain.,rain,"65125099999,DNAA,remote,65112599999"
abuja,2022-02-26,39,22.2,30.3,36.9,22.2,29,5.9,22.8,0,0,0,,0,0,15.7,8.1,65.7,1010.3,13,4.7,297.2,25.6,10,10,2022-02-26T06:45:10,2022-02-26T18:40:54,0.85,Clear,Clear conditions throughout the day.,clear-day,"65125099999,DNAA,65112599999,remote"
abuja,2022-02-27,35.7,21,29,35.8,21,28.7,12,36,0,0,0,,0,0,15,8.1,72.5,1011.1,14.3,3.8,293.8,25.5,10,10,2022-02-27T06:44:45,2022-02-27T18:40:58,0.88,Clear,Clear conditions throughout the day.,clear-day,"65125099999,DNAA,65112599999,remote"
abuja,2022-02-28,37.6,21,29.6,37,21,28.9,11.7,36.3,0,0,0,,0,0,11.6,15,152.5,1010.4,17.5,4.7,293.7,25.5,10,10,2022-02-28T06:44:19,2022-02-28T18:41:01,0.92,Clear,Clear conditions throughout the day.,clear-day,"65125099999,DNAA,65112599999,remote"
abuja,2022-03-01,37,22.7,29.9,39.3,22.7,30.5,16.3,45.1,110,100,4.17,rain,0,0,14.3,8.1,166.4,1009.9,14.2,4.9,279.4,24.1,10,10,2022-03-01T06:43:53,2022-03-01T18:41:05,0.95,Rain,Clear conditions throughout the day with late afternoon rain.,rain,"65125099999,DNAA,65112599999,remote"
abuja,2022-03-02,37,23,30.5,40.8,23,32.4,19.1,51.7,0,0,0,,0,0,16.6,9.2,231.7,1009.6,17.2,4.6,266.4,23.1,9,10,2022-03-02T06:43:26,2022-03-02T18:41:07,0,Clear,Clear conditions throughout the day.,clear-day,"65125099999,DNAA,65112599999"
abuja,2022-03-03,37,26,31.3,43.5,26,33.2,19.6,50.9,0.1,100,4.17,rain,0,0,15.4,13.9,189.2,1009.6,34.7,6.8,263.3,22.9,10,10,2022-03-03T06:42:59,2022-03-03T18:41:09,0.02,"Rain, Partially cloudy",Partly cloudy throughout the day with late afternoon rain.,rain,"65125099999,DNAA,65112599999,remote"
abuja,2022-03-04,36.2,25.7,31.1,39.8,25.7,33.1,19.6,51.7,0,0,0,,0,0,15.4,11.4,227.4,1009.1,59.5,7.7,247.5,21.3,9,10,2022-03-04T06:42:31,2022-03-04T18:41:11,0.06,Partially cloudy,Partly cloudy throughout the day.,partly-cloudy-day,"65125099999,DNAA,remote,65112599999"
abuja,2022-03-05,38,26,31.6,42.2,26,33.8,20.5,53.4,0.1,100,4.17,rain,0,0,14.8,8.1,237.3,1008.4,62.1,8.8,263.6,22.7,9,10,2022-03-05T06:42:03,2022-03-05T18:41:12,0.09,"Rain, Partially cloudy",Partly cloudy throughout the day with late afternoon rain.,rain,"65125099999,DNAA,remote,65112599999"
abuja,2022-03-06,35,26,30.7,38.5,26,33,20.8,56.9,0.1,100,4.17,rain,0,0,18.3,12.8,241.7,1008.7,60.6,7.3,260.3,22.6,9,30,2022-03-06T06:41:34,2022-03-06T18:41:13,0.12,"Rain, Partially cloudy",Partly cloudy throughout the day with late afternoon rain.,rain,"65125099999,DNAA,remote,65112599999"
abuja,2022-03-07,36.1,26,30.9,39.5,26,33.5,21.4,58.7,0.1,100,4.17,rain,0,0,18.6,9.2,238.8,1008.5,71.4,7.7,259.8,22.5,10,30,2022-03-07T06:41:05,2022-03-07T18:41:14,0.15,"Rain, Partially cloudy",Partly cloudy throughout the day with late afternoon rain.,rain,"65125099999,DNAA,65112599999,remote"
abuja,2022-03-08,36.7,25.9,31.5,40.8,25.9,33.7,20.5,54.1,0,0,0,,0,0,17.9,10.3,249.9,1007.7,56.7,6.2,278,23.8,10,30,2022-03-08T06:40:36,2022-03-08T18:41:14,0.18,Partially cloudy,Partly cloudy throughout the day.,partly-cloudy-day,"65125099999,DNAA,65112599999"
abuja,2022-03-09,38.2,26,31.8,41.4,26,33.5,19.3,49.4,0,0,0,,0,0,16.1,8.1,246.9,1007.1,67.8,7.3,280.2,24.1,10,10,2022-03-09T06:40:06,2022-03-09T18:41:14,0.22,Partially cloudy,Partly cloudy throughout the day.,partly-cloudy-day,"65125099999,DNAA,65112599999,remote"
abuja,2022-03-10,38,27,31.8,42.3,27.5,34.4,20.3,52.7,0,0,0,,0,0,14.5,9.2,175.9,1007.9,68.3,7,287.1,24.7,10,10,2022-03-10T06:39:35,2022-03-10T18:41:14,0.25,Partially cloudy,Partly cloudy throughout the day.,partly-cloudy-day,"65125099999,DNAA,65112599999,remote"
abuja,2022-03-11,37,27,32,41,29.6,35.1,21.1,53.8,0.3,100,4.17,rain,0,0,15,8.1,209.9,1008.6,58.4,6.3,269.8,23.3,9,10,2022-03-11T06:39:05,2022-03-11T18:41:13,0.28,"Rain, Partially cloudy",Partly cloudy throughout the day with late afternoon rain.,rain,"65125099999,DNAA,65112599999,remote"
abuja,2022-03-12,32,23,26.7,35.8,23,28.6,22.2,76.9,2,100,4.17,rain,0,0,16.3,25.9,287.3,1009.9,47.4,4.7,282.9,24.3,10,10,2022-03-12T06:38:34,2022-03-12T18:41:12,0.31,"Rain, Partially cloudy",Partly cloudy throughout the day with early morning rain.,rain,"65125099999,DNAA,65112599999,remote"
abuja,2022-03-13,34,25,29.2,38.1,25,31.5,22.1,67.6,0.3,100,4.17,rain,0,0,12.5,8.1,265,1010.2,29.6,3.6,271.7,23.7,10,10,2022-03-13T06:38:02,2022-03-13T18:41:11,0.34,"Rain, Partially cloudy",Partly cloudy throughout the day with late afternoon rain.,rain,"65125099999,DNAA,65112599999"
abuja,2022-03-14,37,27,30.7,35.1,27.1,30.8,15.2,43.9,0,0,0,,0,0,15.2,10.3,146,1009.8,15.6,1.8,294.4,25.4,10,10,2022-03-14T06:37:31,2022-03-14T18:41:09,0.38,Clear,Clear conditions throughout the day.,clear-day,"65125099999,DNAA,65112599999"
abuja,2022-03-15,38,24,30.9,35.9,24,29.9,10.8,32.8,0,0,0,,0,0,15.9,9.2,122.4,1010.5,14.7,3.2,298.6,25.8,10,10,2022-03-15T06:36:59,2022-03-15T18:41:08,0.41,Clear,Clear conditions throughout the day.,clear-day,"65125099999,DNAA,65112599999,remote"
abuja,2022-03-16,36,25.7,30.5,38.9,25.7,32,18,47.6,0,0,0,,0,0,13.2,6.9,309.7,1010.9,42.3,5.2,257.7,22.2,9,10,2022-03-16T06:36:27,2022-03-16T18:41:06,0.44,Partially cloudy,Partly cloudy throughout the day.,partly-cloudy-day,"65125099999,DNAA,remote,65112599999"
abuja,2022-03-17,37,25,31.4,36.5,25,31,14,36.5,0,0,0,,0,0,15.2,10.3,101.6,1009.9,8.1,2,289,25.1,10,10,2022-03-17T06:35:54,2022-03-17T18:41:04,0.47,Clear,Clear conditions throughout the day.,clear-day,"65125099999,DNAA,65112599999,remote"
abuja,2022-03-18,38.2,26,31.6,38.1,26,31.8,16,41.8,0,0,0,,0,0,14.3,8.1,125.7,1009.7,14.8,1.5,296.9,25.7,10,10,2022-03-18T06:35:22,2022-03-18T18:41:02,0.5,Clear,Clear conditions throughout the day.,clear-day,"65125099999,DNAA,65112599999"
abuja,2022-03-19,37,25,31.1,38,25,31.6,16.2,41.7,0,0,0,,0,0,13.9,6.9,170.2,1009.8,13,3,300.8,26.1,10,10,2022-03-19T06:34:49,2022-03-19T18:40:59,0.54,Clear,Clear conditions throughout the day.,clear-day,"65125099999,DNAA,65112599999,remote"
abuja,2022-03-20,37,26,30.4,41.1,26,32.3,19,51,0,0,0,,0,0,16.3,12.8,256.9,1010.3,30.6,4.1,294.4,25.5,10,10,2022-03-20T06:34:16,2022-03-20T18:40:57,0.58,Partially cloudy,Partly cloudy throughout the day.,partly-cloudy-day,"65125099999,DNAA,65112599999,remote"
abuja,2022-03-21,36,26.2,30.9,39.8,26.2,33.3,20.6,55.3,0,0,0,,0,0,17.2,11.4,246.1,1010,46.6,6.9,292.1,25.1,10,30,2022-03-21T06:33:43,2022-03-21T18:40:54,0.61,Partially cloudy,Clearing in the afternoon.,partly-cloudy-day,"65125099999,DNAA,65112599999,remote"
abuja,2022-03-22,38,26,31.2,40.5,26,33.2,20,53,0,0,0,,0,0,17.7,13.9,262.9,1009.5,33,6.9,287.6,25,10,10,2022-03-22T06:33:10,2022-03-22T18:40:51,0.65,Partially cloudy,Partly cloudy throughout the day.,partly-cloudy-day,"65125099999,DNAA,remote,65112599999"
abuja,2022-03-23,37,27,30.6,42.1,28.5,33.7,21.5,59.6,0,0,0,,0,0,16.8,10.3,227.1,1010.1,75,6.6,241.4,20.9,9,30,2022-03-23T06:32:37,2022-03-23T18:40:48,0.68,Partially cloudy,Partly cloudy throughout the day.,partly-cloudy-day,"65125099999,DNAA,65112599999,remote"
abuja,2022-03-24,37,25,30.9,40.8,25,33.1,20.9,57.8,0,0,0,,0,0,17,9.2,157.2,1009.9,30.2,5.2,273,23.6,10,10,2022-03-24T06:32:04,2022-03-24T18:40:45,0.72,Partially cloudy,Partly cloudy throughout the day.,partly-cloudy-day,"65125099999,DNAA,65112599999,remote"
abuja,2022-03-25,38,27,32,38.6,28.4,32.9,17.7,45.6,50,100,4.17,rain,0,0,21,10.3,108.3,1009.2,23.2,3.6,298.8,25.8,10,10,2022-03-25T06:31:31,2022-03-25T18:40:42,0.75,"Rain, Partially cloudy",Partly cloudy throughout the day with early morning rain.,rain,"65125099999,DNAA,65112599999,remote"
abuja,2022-03-26,40,25,32.3,37.7,25,31,9.3,27.3,121,100,4.17,rain,0,0,19,21,92.1,1009.3,14,3.7,313.4,27,10,10,2022-03-26T06:30:58,2022-03-26T18:40:39,0.79,Rain,Clear conditions throughout the day with afternoon rain.,rain,"65125099999,DNAA,65112599999,remote"
abuja,2022-03-27,39,24,32.4,37.1,24,31.1,8.9,24.9,0,0,0,,0,0,17,13.9,87,1010.7,14.1,4.4,308,26.6,10,10,2022-03-27T06:30:24,2022-03-27T18:40:36,0.83,Clear,Clear conditions throughout the day.,clear-day,"65125099999,DNAA,65112599999,remote"
abuja,2022-03-28,39.7,26,32.6,36.9,26,30.8,5,18.9,0,0,0,,0,0,18.3,11.4,58.4,1011.1,17.5,3.8,319.1,27.7,10,10,2022-03-28T06:29:51,2022-03-28T18:40:33,0.86,Clear,Clear conditions throughout the day.,clear-day,"65125099999,DNAA,65112599999,remote"
abuja,2022-03-29,37.2,24,31,38.6,24,31.2,12.6,33.2,0.1,100,4.17,rain,0,0,17.2,8.1,119.9,1009.7,20.7,2.5,276.9,23.9,9,10,2022-03-29T06:29:18,2022-03-29T18:40:30,0.9,"Rain, Partially cloudy",Partly cloudy throughout the day with afternoon rain.,rain,"65125099999,DNAA,65112599999"
abuja,2022-03-30,37,27,32,39.3,27.3,33.6,18.2,44.7,0,0,0,,0,0,14.5,9.2,163.6,1007.6,30.2,4.8,287.2,24.8,10,10,2022-03-30T06:28:45,2022-03-30T18:40:27,0.94,Partially cloudy,Partly cloudy throughout the day.,partly-cloudy-day,"65125099999,DNAA,65112599999,remote"
abuja,2022-03-31,38.6,22,31.7,40.7,22,33.4,19.3,49.8,0.6,100,4.17,rain,0,0,15.9,38,170.4,1007.5,43.1,7.6,267.3,23.2,9,10,2022-03-31T06:28:12,2022-03-31T18:40:24,0.97,"Rain, Partially cloudy",Partly cloudy throughout the day with late afternoon rain.,rain,"65125099999,DNAA,remote,65112599999"
abuja,2022-04-01,38,26,32,41.3,26,34.7,21.1,55.4,0,0,0,,0,0,16.6,10.3,229.9,1009,36.5,6.6,289.8,24.9,10,30,2022-04-01T06:27:39,2022-04-01T18:40:22,0,Partially cloudy,Partly cloudy throughout the day.,partly-cloudy-day,"65125099999,DNAA,65112599999,remote"
abuja,2022-04-02,37,25,31.6,40.1,25,33.5,19.8,51.3,0.1,100,4.17,rain,0,0,19.7,10.3,241.9,1009.4,55,7.3,270.9,23.4,10,10,2022-04-02T06:27:07,2022-04-02T18:40:19,0.04,"Rain, Partially cloudy",Partly cloudy throughout the day with late afternoon rain.,rain,"65125099999,DNAA,65112599999,remote"
abuja,2022-04-03,36,26,30.7,39.8,26,33.4,21.6,60.5,0.4,100,4.17,rain,0,0,20.1,11.4,249.3,1009.9,52.3,6.9,283.1,24.5,10,10,2022-04-03T06:26:34,2022-04-03T18:40:16,0.07,"Rain, Partially cloudy",Partly cloudy throughout the day with late afternoon rain.,rain,"65125099999,DNAA,65112599999,remote"
abuja,2022-04-04,36,26,30.6,39.8,26,32.8,20.5,56.1,0,0,0,,0,0,18.8,10.3,207.8,1010.4,77.9,7.3,274,23.7,10,10,2022-04-04T06:26:02,2022-04-04T18:40:14,0.1,Partially cloudy,Partly cloudy throughout the day.,partly-cloudy-day,"65125099999,DNAA,remote,65112599999"
abuja,2022-04-05,36.1,26,30.3,39.9,26,33.1,22.5,65.3,4,100,4.17,rain,0,0,16.8,7.2,245.7,1010.2,48.3,8,284.8,24.7,10,30,2022-04-05T06:25:30,2022-04-05T18:40:11,0.14,"Rain, Partially cloudy",Partly cloudy throughout the day with morning rain.,rain,"65125099999,DNAA,65112599999,remote"
abuja,2022-04-06,35,25,30.3,38.5,25,33.1,21.6,61,0.1,100,4.17,rain,0,0,15.9,10.1,231.1,1009.8,50.8,7.4,258.5,22.4,9,30,2022-04-06T06:24:58,2022-04-06T18:40:09,0.17,"Rain, Partially cloudy",Partly cloudy throughout the day with late afternoon rain.,rain,"65125099999,DNAA,65112599999,remote"
abuja,2022-04-07,37,25,30.7,40.8,25,33.4,21.6,60.8,0,0,0,,0,0,16.3,13.9,229.6,1009.7,60.2,7.5,269.3,23.3,9,10,2022-04-07T06:24:26,2022-04-07T18:40:07,0.2,Partially cloudy,Partly cloudy throughout the day.,partly-cloudy-day,"65125099999,DNAA,remote,65112599999"
abuja,2022-04-08,34,25,28.9,39.4,25,31.3,23.1,72.6,4,100,4.17,rain,0,0,19.5,11.4,261.1,1010.1,39.4,6.2,292.2,25.3,10,30,2022-04-08T06:23:55,2022-04-08T18:40:05,0.23,"Rain, Partially cloudy",Becoming cloudy in the afternoon with early morning rain.,rain,"65125099999,DNAA,65112599999"
abuja,2022-04-09,33,22,27.3,35.3,22,28.5,20.1,66.6,0.9,100,12.5,rain,0,0,16.6,20.8,143.9,1010,70.6,6.5,261.5,22.7,9,30,2022-04-09T06:23:24,2022-04-09T18:40:04,0.25,"Rain, Partially cloudy",Partly cloudy throughout the day with rain.,rain,"65125099999,DNAA,65112599999,remote"
abuja,2022-04-10,34,24,28.8,35.8,24,29.8,20,61.3,0,0,0,,0,0,16.3,10.3,193.6,1009.8,81.2,6.2,290.5,25,10,30,2022-04-10T06:22:53,2022-04-10T18:40:02,0.3,Partially cloudy,Partly cloudy throughout the day.,partly-cloudy-day,"65125099999,DNAA,65112599999"
abuja,2022-04-11,36,25,29.8,38.9,25,31.9,21.1,61.4,2.5,100,8.33,rain,0,0,17.2,12.8,199.2,1008.9,47.4,6.6,283.9,24.6,10,10,2022-04-11T06:22:23,2022-04-11T18:40:01,0.33,"Rain, Partially cloudy",Partly cloudy throughout the day with rain.,rain,"65125099999,DNAA,65112599999,remote"
abuja,2022-04-12,32,26.1,28.7,35.8,26.1,31.5,22.2,68.5,0.2,100,8.33,rain,0,0,19,12.8,215.5,1009.8,56.4,7.4,152.5,13,5,30,2022-04-12T06:21:53,2022-04-12T18:40:00,0.36,"Rain, Partially cloudy",Partly cloudy throughout the day with morning rain.,rain,"65125099999,DNAA,remote,65112599999"
abuja,2022-04-13,35,23.9,30,50.2,23.9,32.8,21.7,62.3,4.4,100,20.83,rain,0,0,19.9,10.3,203,1008.9,50.5,6.9,262.5,22.7,10,30,2022-04-13T06:21:23,2022-04-13T18:39:59,0.39,"Rain, Partially cloudy",Partly cloudy throughout the day with rain.,rain,"65125099999,DNAA,65112599999,remote"
abuja,2022-04-14,33,26,29.4,35.3,26,31.4,20.6,60,0,0,0,,0,0,17.9,9.2,253,1009.8,64.4,6.6,234.4,20.2,8,30,2022-04-14T06:20:54,2022-04-14T18:39:59,0.42,Partially cloudy,Partly cloudy throughout the day.,partly-cloudy-day,"65125099999,DNAA,65112599999,remote"
abuja,2022-04-15,29,24,26.9,32,24,28.2,21.2,71.6,2.4,100,20.83,rain,0,0,16.6,20.8,145.8,1011.5,63.4,6.2,84.9,7.4,3,30,2022-04-15T06:20:25,2022-04-15T18:39:58,0.46,"Rain, Partially cloudy",Partly cloudy throughout the day with rain in the morning and afternoon.,rain,"65125099999,DNAA,65112599999"
abuja,2022-04-16,36,20,28.8,39.8,20,30.5,21.3,66.6,0,0,0,rain,0,0,16.8,10.3,239.5,1010.8,64.2,6.6,267.1,23.3,9,30,2022-04-16T06:19:56,2022-04-16T18:39:58,0.5,Partially cloudy,Partly cloudy throughout the day.,partly-cloudy-day,"65125099999,DNAA,remote,65112599999"
abuja,2022-04-17,37,25.6,29.3,41,25.6,31.6,21.5,64.3,0.7,100,12.5,rain,0,0,15.2,20.8,316.5,1009.7,74.2,6.9,276.8,24.1,10,60,2022-04-17T06:19:28,2022-04-17T18:39:59,0.52,"Rain, Partially cloudy",Partly cloudy throughout the day with rain.,rain,"65125099999,DNAA,65112599999,remote"
abuja,2022-04-18,33.4,25,27.5,37.5,25,28.9,22.1,74.2,1.4,100,16.67,rain,0,0,17.9,17.2,233.3,1011.1,64.6,6.6,167.3,14.3,6,30,2022-04-18T06:19:00,2022-04-18T18:39:59,0.56,"Rain, Partially cloudy",Partly cloudy throughout the day with rain clearing later.,rain,"65125099999,DNAA,65112599999"
abuja,2022-04-19,35,24,29.2,38.5,24,31.2,22,67.7,0,0,0,,0,0,11,12.8,138.1,1011.7,73.6,6.6,163.3,14.2,6,30,2022-04-19T06:18:33,2022-04-19T18:40:00,0.59,Partially cloudy,Partly cloudy throughout the day.,partly-cloudy-day,"65125099999,DNAA,65112599999,remote"
abuja,2022-04-20,37,25,29.5,43.2,25,31.9,22,65.9,1,100,4.17,rain,0,0,17.2,27.7,216.6,1010.8,74.1,6.5,272.7,23.5,10,30,2022-04-20T06:18:07,2022-04-20T18:40:02,0.63,"Rain, Partially cloudy",Partly cloudy throughout the day with late afternoon rain.,rain,"65125099999,DNAA,65112599999,remote"
abuja,2022-04-21,36,24,27.7,41.8,24,29.4,22.4,74.4,6,100,4.17,rain,0,0,17,10.3,246,1010.8,60.5,6.2,185.2,16.1,7,60,2022-04-21T06:17:41,2022-04-21T18:40:03,0.67,"Rain, Partially cloudy",Clearing in the afternoon with early morning rain.,rain,"65125099999,DNAA,65112599999"
abuja,2022-04-22,35,24,28.9,41.9,24,31.4,23,73,0.5,100,4.17,rain,0,0,12.3,28.9,296.6,1010,68.2,7.3,295.2,25.7,10,30,2022-04-22T06:17:15,2022-04-22T18:40:05,0.7,"Rain, Partially cloudy",Partly cloudy throughout the day with late afternoon rain.,rain,"65125099999,DNAA,65112599999,remote"
abuja,2022-04-23,34,25,28.9,40.6,25,32.2,23.7,74.6,12,100,4.17,rain,0,0,15,11.4,252.4,1009.9,58.5,7.2,288.5,24.9,10,60,2022-04-23T06:16:50,2022-04-23T18:40:08,0.75,"Rain, Partially cloudy",Partly cloudy throughout the day with early morning rain.,rain,"65125099999,DNAA,65112599999,remote"
abuja,2022-04-24,32,25,28.2,35.8,25,30.3,22.2,70.9,1,100,8.33,rain,0,0,17,9.2,218.3,1009.8,58.4,6.7,279.9,24.2,10,30,2022-04-24T06:16:25,2022-04-24T18:40:10,0.77,"Rain, Partially cloudy",Partly cloudy throughout the day with rain.,rain,"65125099999,DNAA,remote,65112599999"
abuja,2022-04-25,35,23.7,29.1,38.5,23.7,30.9,21.3,65.2,0.5,100,8.33,rain,0,0,14.3,8.1,189.5,1009.9,59.4,6.3,283.4,24.5,9,30,2022-04-25T06:16:02,2022-04-25T18:40:13,0.81,"Rain, Partially cloudy",Partly cloudy throughout the day with rain.,rain,"65125099999,DNAA,65112599999"
abuja,2022-04-26,35,24.2,29.9,36.9,24.2,31.5,20.8,60.9,0,0,0,,0,0,14.8,9.2,238,1009.7,61.6,7.3,236.4,20.6,8,30,2022-04-26T06:15:38,2022-04-26T18:40:17,0.84,Partially cloudy,Clearing in the afternoon.,partly-cloudy-day,"65125099999,DNAA,65112599999,remote"
abuja,2022-04-27,34,24,29.5,38.3,24,32.5,22.3,66.4,0.2,100,4.17,rain,0,0,20.6,23,189.9,1009.9,59.3,7.3,202.5,17.5,8,30,2022-04-27T06:15:15,2022-04-27T18:40:21,0.88,"Rain, Partially cloudy",Partly cloudy throughout the day with afternoon rain.,rain,"65125099999,DNAA,65112599999,remote"
abuja,2022-04-28,35,24,29,38.1,24,30.5,20.4,61.4,0.1,100,4.17,rain,0,0,18.1,9.2,175.1,1010.9,43.4,6.3,225.3,19.4,8,30,2022-04-28T06:14:53,2022-04-28T18:40:25,0.91,"Rain, Partially cloudy",Partly cloudy throughout the day with afternoon rain.,rain,"65125099999,DNAA,65112599999"
abuja,2022-04-29,28,21,25,30.7,21,25.3,21.1,79.3,18,100,4.17,rain,0,0,20.4,13.9,123.7,1011.9,60.1,7.1,100.9,8.7,3,30,2022-04-29T06:14:32,2022-04-29T18:40:29,0.95,"Rain, Partially cloudy",Clearing in the afternoon with afternoon rain.,rain,"65125099999,DNAA,65112599999,remote"
abuja,2022-04-30,33,23,27.1,39.2,23,29.4,23,80.1,0.1,100,4.17,rain,0,0,14.3,9.2,222.6,1013,64.6,6.7,255.4,22.1,9,10,2022-04-30T06:14:11,2022-04-30T18:40:34,0,"Rain, Partially cloudy",Partly cloudy throughout the day with morning rain.,rain,"65125099999,DNAA,65112599999,remote"
abuja,2022-05-01,33,25,28.7,37.9,25,31.4,23.1,73.3,0.2,100,4.17,rain,0,0,14.3,10.3,189,1013.3,55.3,6.9,286.4,24.7,9,30,2022-05-01T06:13:51,2022-05-01T18:40:40,0.02,"Rain, Partially cloudy",Partly cloudy throughout the day with late afternoon rain.,rain,"65125099999,DNAA,65112599999,remote"
abuja,2022-05-02,34,22,28.6,40.5,22,31.7,23.5,75.3,1.2,100,12.5,rain,0,0,19.2,10.3,196.8,1012.1,59.1,6.6,272.6,23.4,9,30,2022-05-02T06:13:31,2022-05-02T18:40:46,0.05,"Rain, Partially cloudy",Partly cloudy throughout the day with rain.,rain,"65125099999,DNAA,65112599999,remote"
abuja,2022-05-03,33.2,23,28.3,38.1,23,30.8,22.6,72.6,2,100,4.17,rain,0,0,13.9,9.2,203.3,1011.4,55.1,6.9,284.4,24.5,9,30,2022-05-03T06:13:13,2022-05-03T18:40:52,0.09,"Rain, Partially cloudy",Partly cloudy throughout the day with early morning rain.,rain,"65125099999,DNAA,65112599999,remote"
abuja,2022-05-04,32,21,26.8,35.8,21,28.5,22.4,78.1,20,100,8.33,rain,0,0,16.6,20.1,209,1012.1,67,7,202.2,17.3,6,60,2022-05-04T06:12:54,2022-05-04T18:40:58,0.12,"Rain, Partially cloudy",Partly cloudy throughout the day with rain in the morning and afternoon.,rain,"65125099999,DNAA,65112599999,remote"
abuja,2022-05-05,33,23.7,28,38,23.7,30.3,22.8,74.9,3.3,100,12.5,rain,0,0,13.6,8.1,203.8,1012.4,50.4,6.2,271.9,23.6,9,10,2022-05-05T06:12:37,2022-05-05T18:41:05,0.15,"Rain, Partially cloudy",Clearing in the afternoon with late afternoon rain.,rain,"65125099999,DNAA,65112599999"
abuja,2022-05-06,30,23,26.2,34.2,23,27.9,22.7,81.8,5,100,4.17,rain,0,0,19,34.4,233.9,1012.2,69.1,6.6,129.3,11.1,6,30,2022-05-06T06:12:20,2022-05-06T18:41:13,0.18,"Rain, Partially cloudy",Partly cloudy throughout the day with early morning rain.,rain,"65125099999,DNAA,65112599999,remote"
abuja,2022-05-07,33,25,28.5,38.1,25,30.8,22.9,73.1,0.4,100,8.33,rain,0,0,14.1,10.3,237.1,1012,48.2,6.6,290.2,24.8,9,30,2022-05-07T06:12:04,2022-05-07T18:41:21,0.22,"Rain, Partially cloudy",Partly cloudy throughout the day with late afternoon rain.,rain,"65125099999,DNAA,65112599999,remote"
abuja,2022-05-08,35,24,29.2,41.9,24,32.3,23,70.6,1.3,100,16.67,rain,0,0,17.7,12.8,228.2,1010.6,48.9,6.2,291.5,25.1,10,30,2022-05-08T06:11:49,2022-05-08T18:41:29,0.25,"Rain, Partially cloudy",Partly cloudy throughout the day with rain.,rain,"65125099999,DNAA,65112599999"
abuja,2022-05-09,33,25,27.9,39.3,25,30.2,22.8,74.7,0.3,100,4.17,rain,0,0,16.1,25.3,179,1010.9,57.9,11.7,235.6,20.2,8,60,2022-05-09T06:11:35,2022-05-09T18:41:38,0.25,"Rain, Partially cloudy",Partly cloudy throughout the day with late afternoon rain.,rain,"65125099999,DNAA,65112599999,remote"
abuja,2022-05-10,33,24,27.4,36,24,28.6,21.3,71.1,1.8,100,4.17,rain,0,0,18.6,15,103.3,1012.1,56.5,7,216.1,18.7,8,10,2022-05-10T06:11:21,2022-05-10T18:41:47,0.31,"Rain, Partially cloudy",Partly cloudy throughout the day with early morning rain.,rain,"65125099999,DNAA,65112599999,remote"
abuja,2022-05-11,34,23,28.3,38.3,23,30.2,22.6,73.6,2.5,100,8.33,rain,0,0,13.6,8.1,206.9,1012,46.8,8.8,286.6,24.8,10,10,2022-05-11T06:11:08,2022-05-11T18:41:56,0.35,"Rain, Partially cloudy",Partly cloudy throughout the day with late afternoon rain.,rain,"65125099999,DNAA,remote,65112599999"
abuja,2022-05-12,35,23.8,29.7,39.5,23.8,32.3,22,65.3,0,0,0,rain,0,0,15.7,10.3,194.2,1012.4,53.8,8,249.5,21.5,8,30,2022-05-12T06:10:55,2022-05-12T18:42:06,0.38,Partially cloudy,Partly cloudy throughout the day.,partly-cloudy-day,"65125099999,DNAA,remote,65112599999"
abuja,2022-05-13,33.4,23.2,28.4,40.6,23.2,31.5,23.6,76.4,4.1,100,20.83,rain,0,0,16.3,10.3,237.2,1012.2,63.6,7.7,260.6,22.6,8,30,2022-05-13T06:10:44,2022-05-13T18:42:16,0.41,"Rain, Partially cloudy",Partly cloudy throughout the day with rain.,rain,"65125099999,DNAA,remote,65112599999"
abuja,2022-05-14,33.7,23.3,27.9,36.9,23.3,29.6,22,72.7,4,100,4.17,rain,0,0,14.3,11.4,120.2,1012.6,68.8,7.3,242.6,20.8,8,30,2022-05-14T06:10:33,2022-05-14T18:42:26,0.44,"Rain, Partially cloudy",Partly cloudy throughout the day with early morning rain.,rain,"65125099999,DNAA,remote,65112599999"
abuja,2022-05-15,35,23,27.6,39.5,23,29.3,22.3,75.2,7.2,100,20.83,rain,0,0,15.9,32.2,107.3,1013.1,66.5,7.1,246.6,21.2,8,10,2022-05-15T06:10:23,2022-05-15T18:42:37,0.48,"Rain, Partially cloudy",Partly cloudy throughout the day with rain.,rain,"65125099999,DNAA,remote,65112599999"
abuja,2022-05-16,33,22,27,39.2,22,29.5,23.5,82.3,27,100,8.33,rain,0,0,11.9,28.9,53.3,1013.1,42.3,7.1,264.5,22.9,9,30,2022-05-16T06:10:14,2022-05-16T18:42:49,0.5,"Rain, Partially cloudy",Partly cloudy throughout the day with rain.,rain,"65125099999,DNAA,65112599999,remote"
abuja,2022-05-17,33,24,27.8,38.1,24,30.1,22.9,75.8,3,100,4.17,rain,0,0,14.3,20.1,113.7,1012.6,75.2,7.3,210.4,18.1,7,10,2022-05-17T06:10:05,2022-05-17T18:43:00,0.54,"Rain, Partially cloudy",Partly cloudy throughout the day with morning rain.,rain,"65125099999,DNAA,remote,65112599999"
abuja,2022-05-18,33,22,26.8,38.1,22,28.1,22.8,80.5,0,0,0,,0,0,11.9,10.3,138.1,1011,62.6,8.5,265.1,22.8,9,10,2022-05-18T06:09:58,2022-05-18T18:43:12,0.58,Partially cloudy,Partly cloudy throughout the day.,partly-cloudy-day,"65125099999,DNAA,remote,65112599999"
abuja,2022-05-19,30.1,24.3,27.1,34.4,24.3,29.2,23.4,80.9,8,100,4.17,rain,0,0,17.2,6.9,180.6,1012.4,80.5,8.4,185.5,16.1,7,30,2022-05-19T06:09:51,2022-05-19T18:43:25,0.61,"Rain, Partially cloudy",Partly cloudy throughout the day with early morning rain.,rain,"65125099999,DNAA,65112599999,remote"
abuja,2022-05-20,33,23,27.1,39.3,23,29.1,23.4,81.7,7.2,100,16.67,rain,0,0,15.4,24.2,0.2,1013.3,69.8,7.1,217.8,18.6,7,30,2022-05-20T06:09:44,2022-05-20T18:43:37,0.65,"Rain, Partially cloudy",Partly cloudy throughout the day with rain.,rain,"65125099999,DNAA,remote,65112599999"
abuja,2022-05-21,31,24,26.6,35.5,24,28.2,23.1,82,7,100,4.17,rain,0,0,18.1,11.4,248.5,1013.8,62.7,7.3,180.2,15.5,7,30,2022-05-21T06:09:39,2022-05-21T18:43:50,0.68,"Rain, Partially cloudy",Partly cloudy throughout the day with early morning rain.,rain,"65125099999,DNAA,65112599999,remote"
abuja,2022-05-22,32,23,26.6,36.8,23,28,21.8,76,1,100,12.5,rain,0,0,14.8,29.1,288.4,1014.4,54.3,6.6,257.7,22.3,8,30,2022-05-22T06:09:34,2022-05-22T18:44:03,0.75,"Rain, Partially cloudy",Partly cloudy throughout the day with rain.,rain,"65125099999,DNAA,remote,65112599999"
abuja,2022-05-23,30,23,25.9,33.3,23,26.9,21.6,78,3,100,4.17,rain,0,0,16.6,6.9,194.2,1013.6,58.7,6.9,246.3,21.3,8,30,2022-05-23T06:09:30,2022-05-23T18:44:17,0.75,"Rain, Partially cloudy",Partly cloudy throughout the day with early morning rain.,rain,"65125099999,DNAA,65112599999,remote"
abuja,2022-05-24,32,22.7,27.2,35.8,22.7,28.7,21,70.8,0.1,100,4.17,rain,0,0,13.4,10.3,190.5,1014.4,46.7,6.9,275.9,23.7,9,30,2022-05-24T06:09:27,2022-05-24T18:44:31,0.79,"Rain, Partially cloudy",Partly cloudy throughout the day with late afternoon rain.,rain,"65125099999,DNAA,65112599999"
abuja,2022-05-25,33,24,27.9,38,24,30.2,22.5,73.8,0.4,100,16.67,rain,0,0,13.9,6.9,232.2,1015.6,62.5,6.9,215.8,18.7,7,30,2022-05-25T06:09:25,2022-05-25T18:44:45,0.82,"Rain, Partially cloudy",Partly cloudy throughout the day with rain.,rain,"65125099999,DNAA,65112599999,remote"
abuja,2022-05-26,29,25,26.5,32.7,25,27.7,22.7,79.7,0,0,0,rain,0,0,14.1,10.3,203.4,1016.1,44.4,6.2,164.4,14,5,60,2022-05-26T06:09:23,2022-05-26T18:44:59,0.86,Partially cloudy,Partly cloudy throughout the day.,partly-cloudy-day,"65125099999,DNAA,65112599999"
abuja,2022-05-27,32,24,27.2,35.8,24,28.9,22.3,75.9,0.2,100,8.33,rain,0,0,14.8,9.2,226.3,1015.7,46.9,6.9,137.3,11.9,4,30,2022-05-27T06:09:22,2022-05-27T18:45:14,0.89,"Rain, Partially cloudy",Partly cloudy throughout the day with afternoon rain.,rain,"65125099999,DNAA,65112599999,remote"
abuja,2022-05-28,32.4,24,27.5,37,24,29.5,22.6,75.7,0.2,100,4.17,rain,0,0,13.4,10.3,198,1012.7,56.3,10.2,291.5,25.2,10,30,2022-05-28T06:09:22,2022-05-28T18:45:28,0.93,"Rain, Partially cloudy",Partly cloudy throughout the day with late afternoon rain.,rain,"65125099999,DNAA,65112599999,remote"
abuja,2022-05-29,33,24.9,28.2,37,24.9,30.5,22.6,72.8,0.2,100,4.17,rain,0,0,16.6,9.2,199.6,1012.5,53.6,7.3,242.5,20.9,8,30,2022-05-29T06:09:23,2022-05-29T18:45:43,0.96,"Rain, Partially cloudy",Partly cloudy throughout the day with afternoon rain.,rain,"65125099999,DNAA,65112599999,remote"
abuja,2022-05-30,31.9,25,27.6,35.3,25,29.3,22.5,74.7,0.1,100,4.17,rain,0,0,15.4,5.8,222.7,1011.5,45.9,11.3,233.5,20.2,7,30,2022-05-30T06:09:24,2022-05-30T18:45:58,0,"Rain, Partially cloudy",Partly cloudy throughout the day with late afternoon rain.,rain,"65125099999,DNAA,remote,65112599999"
abuja,2022-05-31,29.9,24,26.5,33.8,24,27.9,22.7,80.4,6,100,4.17,rain,0,0,15.2,5.1,189.5,1012.3,68.9,9.4,212.5,18.5,7,30,2022-05-31T06:09:26,2022-05-31T18:46:13,0.03,"Rain, Partially cloudy",Partly cloudy throughout the day with early morning rain.,rain,"65125099999,DNAA,65112599999,remote"
abuja,2022-06-01,32,23,27.2,35.8,23,29.2,22.7,78.1,1,100,4.17,rain,0,0,12.8,6.3,275.7,1011.6,62.9,7.3,263.9,23,8,30,2022-06-01T06:09:28,2022-06-01T18:46:29,0.07,"Rain, Partially cloudy",Partly cloudy throughout the day with early morning rain.,rain,"65125099999,DNAA,65112599999,remote"
abuja,2022-06-02,34.1,20,28.1,39.4,20,30.6,22.3,72.5,0.1,100,4.17,rain,0,0,13.6,35.8,107.7,1009.9,62.5,7.1,251.3,21.8,7,60,2022-06-02T06:09:32,2022-06-02T18:46:44,0.1,"Rain, Partially cloudy",Partly cloudy throughout the day with late afternoon rain.,rain,"65125099999,DNAA,65112599999,remote"
abuja,2022-06-03,31,22.6,26.3,34.5,22.6,27.5,21.2,74.3,23,100,4.17,rain,0,0,14.3,23,182.6,1009.8,49.6,9.5,276.4,23.8,10,30,2022-06-03T06:09:36,2022-06-03T18:47:00,0.13,"Rain, Partially cloudy",Partly cloudy throughout the day with morning rain.,rain,"65125099999,DNAA,65112599999,remote"
abuja,2022-06-04,31,23,27.1,36.5,23,29.1,22.5,76.8,0.1,100,4.17,rain,0,0,15.9,9.2,206.1,1011.6,66.8,7.8,142,12.3,4,30,2022-06-04T06:09:40,2022-06-04T18:47:15,0.17,"Rain, Partially cloudy",Partly cloudy throughout the day with late afternoon rain.,rain,"65125099999,DNAA,remote,65112599999"
abuja,2022-06-05,29,21,24.7,32,21,25.4,21.4,82.8,8,100,4.17,rain,0,0,18.8,12.8,115.5,1013.1,67.4,6.8,186.1,16.2,7,10,2022-06-05T06:09:45,2022-06-05T18:47:31,0.2,"Rain, Partially cloudy",Partly cloudy throughout the day with early morning rain.,rain,"65125099999,DNAA,65112599999,remote"
abuja,2022-06-06,32,24,27.4,36.7,24,29,22.8,77.6,0,0,0,rain,0,0,14.1,6.9,253.9,1013.7,52.2,6.6,250.1,21.6,9,30,2022-06-06T06:09:51,2022-06-06T18:47:46,0.23,Partially cloudy,Partly cloudy throughout the day.,partly-cloudy-day,"65125099999,DNAA,65112599999,remote"
abuja,2022-06-07,29,22.3,25.5,30.8,22.3,25.9,21.3,78.7,1.4,100,16.67,rain,0,0,19.2,10.3,317,1013.2,67.1,8,262.9,22.7,9,30,2022-06-07T06:09:58,2022-06-07T18:48:02,0.25,"Rain, Partially cloudy",Partly cloudy throughout the day with rain.,rain,"65125099999,DNAA,65112599999,remote"
abuja,2022-06-08,32,22,27.3,36.8,22,29.3,22,74.3,0.2,100,4.17,rain,0,0,16.6,10.3,241.8,1012.7,53.4,7.3,283.6,24.6,9,30,2022-06-08T06:10:05,2022-06-08T18:48:18,0.3,"Rain, Partially cloudy",Partly cloudy throughout the day with late afternoon rain.,rain,"65125099999,DNAA,remote,65112599999"
abuja,2022-06-09,32.8,23.7,27.4,37.8,23.7,29.7,23.4,79.8,2.4,100,45.83,rain,0,0,15.9,9.2,182.5,1011.2,73.9,8.8,167.2,14.5,5,30,2022-06-09T06:10:12,2022-06-09T18:48:33,0.33,"Rain, Partially cloudy",Partly cloudy throughout the day with rain.,rain,"65125099999,DNAA,remote,65112599999"
abuja,2022-06-10,32,23.2,26.2,37.9,23.2,27.2,22.3,79.6,16,100,4.17,rain,0,0,14.1,10.3,185.4,1011.9,59.4,7.1,183.6,15.9,5,30,2022-06-10T06:10:20,2022-06-10T18:48:49,0.37,"Rain, Partially cloudy",Partly cloudy throughout the day with late afternoon rain.,rain,"65125099999,DNAA,remote,65112599999"
abuja,2022-06-11,29.7,22,24.8,33.1,22,25.5,22.4,87.2,19.2,100,62.5,rain,0,0,15,23,182,1013.5,65.8,6.6,164.2,14.1,7,60,2022-06-11T06:10:29,2022-06-11T18:49:04,0.4,"Rain, Partially cloudy",Partly cloudy throughout the day with a chance of rain throughout the day.,rain,"65125099999,DNAA,65112599999,remote"
abuja,2022-06-12,29,22,25.1,32.7,22,26.1,22.2,85.2,21,100,4.17,rain,0,0,11.2,6.9,240.7,1014.9,52.5,6.9,251.1,21.6,9,30,2022-06-12T06:10:38,2022-06-12T18:49:19,0.43,"Rain, Partially cloudy",Partly cloudy throughout the day with early morning rain.,rain,"65125099999,DNAA,remote,65112599999"
abuja,2022-06-13,32,21.9,26.5,36.8,21.9,28,22.8,81.7,3,100,4.17,rain,0,0,12.1,8.1,189.3,1012.9,59.9,7.5,224.6,19.5,8,30,2022-06-13T06:10:48,2022-06-13T18:49:35,0.47,"Rain, Partially cloudy",Partly cloudy throughout the day with late afternoon rain.,rain,"65125099999,DNAA,65112599999,remote"
abuja,2022-06-14,29,24,26.2,39.1,24,28.1,23.3,84.3,0.4,100,4.17,rain,0,0,15.9,10.3,182.3,1011.7,49.7,8.2,176,15.3,6,60,2022-06-14T06:10:58,2022-06-14T18:49:50,0.5,"Rain, Partially cloudy",Partly cloudy throughout the day with late afternoon rain.,rain,"65125099999,DNAA,65112599999,remote"
abuja,2022-06-15,32,23.5,27.6,36.8,23.5,30,23,77.3,5,100,41.67,rain,0,0,14.3,6.9,225.4,1012.1,51.3,7.3,212.9,18.4,7,60,2022-06-15T06:11:09,2022-06-15T18:50:04,0.53,"Rain, Partially cloudy",Partly cloudy throughout the day with a chance of rain throughout the day.,rain,"65125099999,DNAA,65112599999,remote"
abuja,2022-06-16,29,21.2,24.6,32,21.2,25.3,22,86.5,31,100,4.17,rain,0,0,16.8,10.3,223.2,1013,52.7,6,147.6,12.7,6,30,2022-06-16T06:11:20,2022-06-16T18:50:19,0.57,"Rain, Partially cloudy",Partly cloudy throughout the day with early morning rain.,rain,"65125099999,DNAA,remote,65112599999"
abuja,2022-06-17,27,21,24.1,28.8,21,24.3,21.2,84.5,0.3,100,4.17,rain,0,0,10.1,16.1,82.3,1013.7,64.3,7.3,105.6,9.1,4,10,2022-06-17T06:11:31,2022-06-17T18:50:33,0.6,"Rain, Partially cloudy",Partly cloudy throughout the day with afternoon rain.,rain,"65125099999,DNAA,remote,65112599999"
abuja,2022-06-18,28,22.2,25,30.7,22.2,25.7,22.1,84.5,2.4,100,37.5,rain,0,0,12.1,8.1,238.3,1014.6,63.6,7.3,219.6,19.1,7,10,2022-06-18T06:11:43,2022-06-18T18:50:47,0.64,"Rain, Partially cloudy",Partly cloudy throughout the day with rain.,rain,"65125099999,DNAA,65112599999,remote"
abuja,2022-06-19,29,21.2,25.7,32.7,21.2,27,22.9,85.5,0.3,100,12.5,rain,0,0,12.3,6.9,265.1,1014.5,60.9,8.4,188.6,16.4,5,30,2022-06-19T06:11:55,2022-06-19T18:51:01,0.67,"Rain, Partially cloudy",Partly cloudy throughout the day with rain in the morning and afternoon.,rain,"65125099999,DNAA,65112599999,remote"
abuja,2022-06-20,32,23.3,26.7,37.9,23.3,28.5,23.5,83.3,1.1,100,29.17,rain,0,0,15.7,10.3,197.5,1014,61.4,6.9,221.4,19.1,7,60,2022-06-20T06:12:08,2022-06-20T18:51:14,0.7,"Rain, Partially cloudy",Partly cloudy throughout the day with rain.,rain,"65125099999,DNAA,65112599999,remote"
abuja,2022-06-21,26,21,23.2,26,21,23.2,21.8,91.7,6,100,8.33,rain,0,0,16.1,12.8,128.4,1013.7,42.9,6.1,194.9,17,7,60,2022-06-21T06:12:21,2022-06-21T18:51:27,0.75,"Rain, Partially cloudy",Partly cloudy throughout the day with rain in the morning and afternoon.,rain,"65125099999,DNAA,65112599999,remote"
abuja,2022-06-22,30,21,25.2,33.3,21,26.5,22,83.8,2,100,4.17,rain,0,0,15.2,6.9,215,1013.4,66.1,5.7,190.9,16.5,7,30,2022-06-22T06:12:34,2022-06-22T18:51:40,0.77,"Rain, Partially cloudy",Partly cloudy throughout the day with early morning rain.,rain,"65125099999,DNAA,65112599999,remote"
abuja,2022-06-23,31,23,26.6,35.5,23,28.2,22.8,80.9,1.9,100,25,rain,0,0,13.9,6.9,239.6,1013.5,60.9,6.6,211.6,18.3,7,60,2022-06-23T06:12:47,2022-06-23T18:51:53,0.81,"Rain, Partially cloudy",Partly cloudy throughout the day with a chance of rain throughout the day.,rain,"65125099999,DNAA,65112599999,remote"
abuja,2022-06-24,29,20,24.2,32,20,24.7,21.7,86.7,20,100,8.33,rain,0,0,16.1,38,100.4,1012.7,57.9,7.3,148,12.9,6,30,2022-06-24T06:13:01,2022-06-24T18:52:05,0.84,"Rain, Partially cloudy",Partly cloudy throughout the day with rain in the morning and afternoon.,rain,"65125099999,DNAA,65112599999,remote"
abuja,2022-06-25,29,22.9,25.6,32,22.9,26.5,22.2,82.3,0.4,100,16.67,rain,0,0,15.7,12.8,177.6,1013.1,65.2,8,171.6,14.5,6,30,2022-06-25T06:13:15,2022-06-25T18:52:16,0.87,"Rain, Partially cloudy",Partly cloudy throughout the day with rain in the morning and afternoon.,rain,"65125099999,DNAA,65112599999,remote"
abuja,2022-06-26,27,22.7,24.6,29.6,22.7,24.9,22.9,90.1,7,100,4.17,rain,0,0,17.4,8.1,248.2,1014,69.9,7,188.3,16.2,7,30,2022-06-26T06:13:29,2022-06-26T18:52:27,0.91,"Rain, Partially cloudy",Partly cloudy throughout the day with afternoon rain.,rain,"65125099999,DNAA,remote,65112599999"
abuja,2022-06-27,29,22.6,25.2,33.6,22.6,26.2,23,88.2,1.4,100,20.83,rain,0,0,12.3,9.2,177.6,1014.2,48,7.3,170,14.8,6,30,2022-06-27T06:13:43,2022-06-27T18:52:38,0.94,"Rain, Partially cloudy",Partly cloudy throughout the day with rain.,rain,"65125099999,DNAA,remote,65112599999"
abuja,2022-06-28,31,22.2,26.3,35.4,22.2,27.9,22.6,81.3,0.9,100,4.17,rain,0,0,16.3,8.1,239.3,1013.7,65.5,8.4,204.9,17.7,7,30,2022-06-28T06:13:57,2022-06-28T18:52:48,0.98,"Rain, Partially cloudy",Partly cloudy throughout the day with early morning rain.,rain,"65125099999,DNAA,65112599999,remote"
abuja,2022-06-29,31,21,25.4,35.5,21,26.5,21.9,81.9,8,100,8.33,rain,0,0,16.6,8.1,207.4,1013.7,61.3,7.9,172.9,15,7,60,2022-06-29T06:14:12,2022-06-29T18:52:57,0,"Rain, Partially cloudy",Partly cloudy throughout the day with rain in the morning and afternoon.,rain,"65125099999,DNAA,remote,65112599999"
abuja,2022-06-30,30,20.9,25.3,35.1,20.9,26.3,22.5,85.1,0.2,100,4.17,rain,0,0,17,9.2,160.7,1013.1,64.7,7.7,244.5,21.1,9,30,2022-06-30T06:14:26,2022-06-30T18:53:07,0.05,"Rain, Partially cloudy",Partly cloudy throughout the day with afternoon rain.,rain,"65125099999,DNAA,65112599999,remote"
abuja,2022-07-01,28,20.8,24.4,30.7,20.8,25.1,21.5,84.6,16.8,100,4.17,rain,0,0,13.9,11.4,161.7,1014.3,54.4,6.4,166.6,14.5,6,30,2022-07-01T06:14:41,2022-07-01T18:53:15,0.08,"Rain, Partially cloudy",Partly cloudy throughout the day with early morning rain.,rain,"65125099999,DNAA,65112599999,remote"
abuja,2022-07-02,30,23.8,25.5,34.1,23.8,26.2,23,86.9,0.4,100,4.17,rain,0,0,14.8,13.9,159.2,1015.6,61,6.5,220.4,19,8,30,2022-07-02T06:14:56,2022-07-02T18:53:23,0.11,"Rain, Partially cloudy",Partly cloudy throughout the day with late afternoon rain.,rain,"65125099999,DNAA,65112599999,remote"
abuja,2022-07-03,31,23,26.5,35.4,23,28.5,22.8,81.5,1,100,16.67,rain,0,0,12.5,8.1,261.9,1015.4,49.4,6.4,197.8,17,7,60,2022-07-03T06:15:11,2022-07-03T18:53:30,0.15,"Rain, Partially cloudy",Partly cloudy throughout the day with rain in the morning and afternoon.,rain,"65125099999,DNAA,65112599999,remote"
abuja,2022-07-04,29,22,25.2,32.8,22,25.9,22.6,85.8,0.4,100,4.17,rain,0,0,14.3,10.3,209.3,1014.5,77.6,6.1,134.3,11.5,5,30,2022-07-04T06:15:25,2022-07-04T18:53:37,0.18,"Rain, Partially cloudy",Partly cloudy throughout the day with late afternoon rain.,rain,"65125099999,DNAA,65112599999,remote"
abuja,2022-07-05,31,22.1,25.9,34.5,22.1,27,22.1,80.8,0.8,100,29.17,rain,0,0,13.6,8.1,189.4,1015.3,69.6,6.9,196,17,7,30,2022-07-05T06:15:40,2022-07-05T18:53:43,0.22,"Rain, Partially cloudy",Partly cloudy throughout the day with a chance of rain throughout the day.,rain,"65125099999,DNAA,remote,65112599999"
abuja,2022-07-06,31,22.9,26.6,34.5,22.9,28.1,22.4,79,0.6,100,4.17,rain,0,0,12.3,8.1,272.2,1015,47,7.2,230.4,20.1,8,30,2022-07-06T06:15:55,2022-07-06T18:53:49,0.25,"Rain, Partially cloudy",Partly cloudy throughout the day with early morning rain.,rain,"65125099999,DNAA,65112599999,remote"
abuja,2022-07-07,31,24,26.4,35.5,24,27.8,23.2,83.8,1,100,4.17,rain,0,0,15,17.2,290.6,1014.5,47.3,6.5,265.4,22.9,9,60,2022-07-07T06:16:09,2022-07-07T18:53:53,0.25,"Rain, Partially cloudy",Partly cloudy throughout the day with afternoon rain.,rain,"65125099999,DNAA,65112599999,remote"
abuja,2022-07-08,31,22.7,26.4,35.5,22.7,28.4,23.1,82.9,0.7,100,16.67,rain,0,0,15,8.1,199,1014.6,59,7.3,225,19.4,8,30,2022-07-08T06:16:24,2022-07-08T18:53:58,0.32,"Rain, Partially cloudy",Partly cloudy throughout the day with rain.,rain,"65125099999,DNAA,65112599999,remote"
abuja,2022-07-09,30,23.6,25.8,33.3,23.6,26.9,22.3,81.8,1,100,4.17,rain,0,0,16.8,9.2,240.7,1015.4,73.5,7.7,204,17.5,8,30,2022-07-09T06:16:38,2022-07-09T18:54:01,0.35,"Rain, Partially cloudy",Partly cloudy throughout the day with early morning rain.,rain,"65125099999,DNAA,remote,65112599999"
abuja,2022-07-10,30,23,25.4,33.3,23,26.3,22.3,83.8,0.9,100,29.17,rain,0,0,17.9,9.2,277.3,1014.1,60.6,6.6,179.6,15.6,6,30,2022-07-10T06:16:53,2022-07-10T18:54:04,0.39,"Rain, Partially cloudy",Partly cloudy throughout the day with a chance of rain throughout the day.,rain,"65125099999,DNAA,65112599999,remote"
abuja,2022-07-11,31,23.5,26.5,35.5,23.5,27.8,22.9,81.4,0.4,100,4.17,rain,0,0,14.5,8.1,224.7,1013,70.6,7.3,168.4,14.4,5,30,2022-07-11T06:17:07,2022-07-11T18:54:06,0.42,"Rain, Partially cloudy",Partly cloudy throughout the day with morning rain.,rain,"65125099999,DNAA,remote,65112599999"
abuja,2022-07-12,30,23,25.4,35.1,23,26.4,22.6,84.7,5,100,4.17,rain,0,0,12.8,11.4,248.1,1014.6,71.6,8.3,229.1,19.6,8,30,2022-07-12T06:17:21,2022-07-12T18:54:07,0.46,"Rain, Partially cloudy",Partly cloudy throughout the day with morning rain.,rain,"65125099999,DNAA,remote,65112599999"
abuja,2022-07-13,28,22.2,25.1,32,22.2,25.9,22.9,88.4,23,100,8.33,rain,0,0,14.5,11.4,278.4,1014.9,57.5,6,108,9.3,4,30,2022-07-13T06:17:35,2022-07-13T18:54:07,0.5,"Rain, Partially cloudy",Partly cloudy throughout the day with rain clearing later.,rain,"65125099999,DNAA,65112599999"
abuja,2022-07-14,30,23,26.1,34.1,23,27.2,22.8,83,0.6,100,20.83,rain,0,0,17.2,9.2,235.3,1013.7,72.8,6.9,193.2,16.7,6,30,2022-07-14T06:17:48,2022-07-14T18:54:07,0.52,"Rain, Partially cloudy",Partly cloudy throughout the day with a chance of rain throughout the day.,rain,"65125099999,DNAA,65112599999,remote"
abuja,2022-07-15,31,22.6,25.6,34.6,22.6,26.5,22.4,83.2,3.3,100,45.83,rain,0,0,12.8,10.5,226,1012.1,73.3,8.5,156.1,13.6,5,30,2022-07-15T06:18:02,2022-07-15T18:54:06,0.56,"Rain, Partially cloudy",Partly cloudy throughout the day with a chance of rain throughout the day.,rain,"65125099999,DNAA,remote,65112599999"
abuja,2022-07-16,28.4,22.9,25.2,31.4,22.9,25.8,22.5,85.4,10.1,100,91.67,rain,0,0,18.3,7.4,203.7,1012.9,73.2,7.1,133.8,11.6,5,30,2022-07-16T06:18:15,2022-07-16T18:54:05,0.59,"Rain, Partially cloudy",Partly cloudy throughout the day with a chance of rain throughout the day.,rain,"65125099999,DNAA,65112599999,remote"
abuja,2022-07-17,28,22.8,25,30.7,22.8,25.7,22.2,85.2,0.7,100,20.83,rain,0,0,17.4,6.9,233.9,1015.2,71.3,7.9,122.8,10.4,4,10,2022-07-17T06:18:28,2022-07-17T18:54:02,0.62,"Rain, Partially cloudy",Partly cloudy throughout the day with rain in the morning and afternoon.,rain,"65125099999,DNAA,65112599999,remote"
abuja,2022-07-18,30.7,22.4,25.3,34.2,22.4,26.2,22.3,84.1,1.3,100,8.33,rain,0,0,15.7,8.1,262.3,1014.2,80.7,9.2,191,16.5,8,10,2022-07-18T06:18:40,2022-07-18T18:53:59,0.66,"Rain, Partially cloudy",Partly cloudy throughout the day with rain in the morning and afternoon.,rain,"65125099999,DNAA,65112599999,remote"
abuja,2022-07-19,27.9,22.4,24.7,30.4,22.4,25,21.9,84.7,10,100,4.17,rain,0,0,13,6.9,259.3,1013.6,85,11.3,113.5,9.9,4,10,2022-07-19T06:18:53,2022-07-19T18:53:55,0.69,"Rain, Partially cloudy",Partly cloudy throughout the day with early morning rain.,rain,"65125099999,remote"
abuja,2022-07-20,28.7,22.7,25,31.4,22.7,25.5,21.7,82.4,0.2,100,8.33,rain,0,0,13.4,8.1,249,1012.7,96.3,12.2,151.4,13.1,6,10,2022-07-20T06:19:05,2022-07-20T18:53:50,0.75,"Rain, Overcast",Cloudy skies throughout the day with morning rain.,rain,"65125099999,remote"
abuja,2022-07-21,29.1,23,25.3,32.7,23,25.8,21.9,82.6,1.2,100,33.33,rain,0,0,13.9,6.9,247.3,1012.6,90.5,8.6,169.9,14.7,7,10,2022-07-21T06:19:16,2022-07-21T18:53:44,0.76,"Rain, Overcast",Cloudy skies throughout the day with a chance of rain throughout the day.,rain,"65125099999,remote"
abuja,2022-07-22,27.9,22,23.8,30.5,22,23.9,22,90.1,17,100,4.17,rain,0,0,14.8,6.9,246.3,1012.4,96,11.5,56.8,4.8,2,10,2022-07-22T06:19:28,2022-07-22T18:53:38,0.79,"Rain, Overcast",Cloudy skies throughout the day with afternoon rain.,rain,"65125099999,remote"
abuja,2022-07-23,26.7,21.9,23.8,26.7,21.9,23.8,22.3,91.8,13.7,100,70.83,rain,0,0,13.2,6.9,226.4,1013.4,97.8,10.7,67.6,5.8,3,10,2022-07-23T06:19:39,2022-07-23T18:53:30,0.82,"Rain, Overcast",Cloudy skies throughout the day with a chance of rain throughout the day.,rain,"65125099999,remote"
abuja,2022-07-24,30.1,21.4,25.4,33.6,21.4,26.6,22.1,82.6,2.7,100,50,rain,0,0,14.3,8.1,288.9,1013.5,81.2,12.9,236.5,20.4,8,30,2022-07-24T06:19:49,2022-07-24T18:53:22,0.86,"Rain, Partially cloudy",Partly cloudy throughout the day with a chance of rain throughout the day.,rain,"65125099999,remote"
abuja,2022-07-25,27.7,22.9,25.1,30.9,22.9,25.6,22.7,87.2,5.6,100,8.33,rain,0,0,17,8.1,262.9,1012.8,92,11.8,153.2,13.3,5,60,2022-07-25T06:19:59,2022-07-25T18:53:13,0.89,"Rain, Overcast",Cloudy skies throughout the day with rain.,rain,"65125099999,remote"
abuja,2022-07-26,27.9,23.1,24.9,31.2,23.1,25.4,22.5,87.4,1.2,100,29.17,rain,0,0,13.9,8.1,214.1,1012.5,95.7,11.5,134.7,11.6,4,30,2022-07-26T06:20:09,2022-07-26T18:53:04,0.92,"Rain, Overcast",Cloudy skies throughout the day with a chance of rain throughout the day.,rain,"65125099999,remote"
abuja,2022-07-27,28.6,22.6,25.3,32,22.6,26.2,22.3,84.2,0.4,100,4.17,rain,0,0,17.7,11.4,224.7,1012.5,92.2,11.8,200.9,17.4,7,30,2022-07-27T06:20:19,2022-07-27T18:52:53,0.96,"Rain, Overcast",Cloudy skies throughout the day with early morning rain.,rain,"65125099999,remote"
abuja,2022-07-28,26.4,21.5,23.5,26.4,21.5,23.5,21.9,90.8,0.5,100,8.33,rain,0,0,17.4,8.1,256.5,1013.1,94.9,9.2,106.5,9.3,4,30,2022-07-28T06:20:28,2022-07-28T18:52:42,0,"Rain, Overcast",Cloudy skies throughout the day with rain.,rain,"65125099999,DNAA,remote,65112599999"
abuja,2022-07-29,27.4,21.1,23.8,29.9,21.1,23.9,21.6,87.9,1,100,4.17,rain,0,0,16.1,8.1,239,1014.5,93.5,8.2,149.9,13,5,10,2022-07-29T06:20:36,2022-07-29T18:52:30,0.02,"Rain, Overcast",Cloudy skies throughout the day with late afternoon rain.,rain,"65125099999,DNAA,remote,65112599999"
abuja,2022-07-30,25.9,21.7,23.4,25.9,21.7,23.4,22,92.1,0.1,100,4.17,rain,0,0,15.2,5.1,238.6,1014.4,89.6,11,160.4,13.9,7,30,2022-07-30T06:20:45,2022-07-30T18:52:17,0.06,"Rain, Partially cloudy",Partly cloudy throughout the day with afternoon rain.,rain,"65125099999,remote"
abuja,2022-07-31,27.5,20.7,23.8,29.8,20.7,24.1,21.6,87.8,7.7,100,62.5,rain,0,0,13.6,6.9,217.5,1013.9,87.4,12,123.9,10.7,5,30,2022-07-31T06:20:53,2022-07-31T18:52:03,0.09,"Rain, Partially cloudy",Partly cloudy throughout the day with a chance of rain throughout the day.,rain,"65125099999,remote"
abuja,2022-08-01,26.9,21.5,24,29.1,21.5,24.1,21.9,88.3,2,100,4.17,rain,0,0,20.1,8.1,214.6,1014,91.7,9.9,147.9,12.8,6,30,2022-08-01T06:21:00,2022-08-01T18:51:49,0.13,"Rain, Overcast",Cloudy skies throughout the day with afternoon rain.,rain,"65125099999,DNAA,remote,65112599999"
abuja,2022-08-02,26,21.8,23.3,26,21.8,23.3,21.7,90.6,5,100,4.17,rain,0,0,18.1,8.1,250.9,1014.8,84.1,10.1,101.5,8.9,4,10,2022-08-02T06:21:07,2022-08-02T18:51:34,0.16,"Rain, Partially cloudy",Partly cloudy throughout the day with early morning rain.,rain,"65125099999,DNAA,remote,65112599999"
abuja,2022-08-03,26,22,24.2,26,22,24.2,22.1,88.3,0.7,100,16.67,rain,0,0,17,8.1,237.7,1013.7,61.8,6.1,144,12.2,4,10,2022-08-03T06:21:13,2022-08-03T18:51:17,0.2,"Rain, Partially cloudy",Partly cloudy throughout the day with rain.,rain,"65125099999,DNAA,65112599999"
abuja,2022-08-04,30,22.4,25.6,33.3,22.4,26.5,22,81.4,0.4,100,8.33,rain,0,0,19.2,11.4,233.9,1013.2,52.6,6.9,205,17.8,7,10,2022-08-04T06:21:20,2022-08-04T18:51:01,0.23,"Rain, Partially cloudy",Partly cloudy throughout the day with rain in the morning and afternoon.,rain,"65125099999,DNAA,65112599999,remote"
abuja,2022-08-05,30,23,26,33.3,23,27.1,22.2,80.8,0.1,100,4.17,rain,0,0,14.3,9.2,249.9,1014.6,49.9,6.2,202.6,17.5,7,10,2022-08-05T06:21:25,2022-08-05T18:50:43,0.25,"Rain, Partially cloudy",Partly cloudy throughout the day with morning rain.,rain,"65125099999,DNAA,65112599999"
abuja,2022-08-06,31,24,26.8,34.6,24,28.5,22.8,79.9,0.1,100,4.17,rain,0,0,15.2,8.1,261.1,1014.1,48.3,6.6,248.7,21.5,8,30,2022-08-06T06:21:30,2022-08-06T18:50:25,0.3,"Rain, Partially cloudy",Partly cloudy throughout the day with morning rain.,rain,"65125099999,DNAA,65112599999,remote"
abuja,2022-08-07,31,24,26.7,35.5,24,28.5,23,81.2,1.1,100,29.17,rain,0,0,15.2,9.2,250.3,1012.5,50.7,6.8,228.5,19.8,7,30,2022-08-07T06:21:35,2022-08-07T18:50:06,0.34,"Rain, Partially cloudy",Partly cloudy throughout the day with rain.,rain,"65125099999,DNAA,65112599999,remote"
abuja,2022-08-08,30,22,26.1,34.2,22,27.7,22.9,83.1,4,100,4.17,rain,0,0,14.1,10.3,237.2,1012.9,57.3,6.1,186.4,16.1,6,30,2022-08-08T06:21:40,2022-08-08T18:49:46,0.37,"Rain, Partially cloudy",Partly cloudy throughout the day with morning rain.,rain,"65125099999,DNAA,65112599999"
abuja,2022-08-09,31,22.7,26.3,35.5,22.7,27.7,22.7,81.5,1.1,100,33.33,rain,0,0,12.3,6.9,260.2,1013.6,61.1,6.9,154.3,13.2,6,30,2022-08-09T06:21:44,2022-08-09T18:49:25,0.41,"Rain, Partially cloudy",Partly cloudy throughout the day with a chance of rain throughout the day.,rain,"65125099999,DNAA,65112599999,remote"
abuja,2022-08-10,30,24,26.3,35,24,27.6,23.3,84,0.9,100,25,rain,0,0,17,11.4,234.7,1013.3,64.8,6.5,177,15.1,6,30,2022-08-10T06:21:47,2022-08-10T18:49:04,0.44,"Rain, Partially cloudy",Partly cloudy throughout the day with rain.,rain,"65125099999,DNAA,65112599999"
abuja,2022-08-11,26,21,23.8,26,21,23.8,21.9,89.3,4,100,4.17,rain,0,0,15.7,12.8,288.1,1013.6,61.4,6.2,125.1,10.6,5,10,2022-08-11T06:21:50,2022-08-11T18:48:42,0.48,"Rain, Partially cloudy",Partly cloudy throughout the day with afternoon rain.,rain,"65125099999,DNAA,65112599999,remote"
abuja,2022-08-12,25,22,23.6,25,22,23.6,22.1,91.5,0.6,100,4.17,rain,0,0,16.1,8.1,237.6,1013.8,51.8,6.1,79.3,6.8,3,10,2022-08-12T06:21:53,2022-08-12T18:48:20,0.5,"Rain, Partially cloudy",Partly cloudy throughout the day with afternoon rain.,rain,"65125099999,DNAA,65112599999"
abuja,2022-08-13,28,23,24.5,31.2,23,24.9,23,91.9,0.9,100,4.17,rain,0,0,15,10.3,270.3,1013.5,63,5.4,181,15.6,6,30,2022-08-13T06:21:55,2022-08-13T18:47:56,0.55,"Rain, Partially cloudy",Partly cloudy throughout the day with afternoon rain.,rain,"65125099999,DNAA,65112599999"
abuja,2022-08-14,24.5,22,22.6,24.5,22,22.6,21.9,95.7,5.1,100,8.33,rain,0,0,14.1,8.1,233.2,1011.7,83,4.5,64.1,5.5,3,10,2022-08-14T06:21:57,2022-08-14T18:47:32,0.58,"Rain, Partially cloudy",Partly cloudy throughout the day with rain.,rain,"65125099999,DNAA,65112599999,remote"
abuja,2022-08-15,26.1,22,23.1,26.1,22,23.1,22.3,95.8,34,100,12.5,rain,0,0,26.2,10.3,207.7,1012.2,77.1,4.5,72.3,6.2,4,10,2022-08-15T06:21:58,2022-08-15T18:47:08,0.61,"Rain, Partially cloudy",Partly cloudy throughout the day with rain.,rain,"65125099999,DNAA,65112599999,remote"
abuja,2022-08-16,29,22,24.9,31.3,22,25.5,21.8,84,0.8,100,25,rain,0,0,19.2,9.2,211.3,1014.3,65.2,6.6,199.1,17.4,7,10,2022-08-16T06:21:59,2022-08-16T18:46:42,0.64,"Rain, Partially cloudy",Partly cloudy throughout the day with a chance of rain throughout the day.,rain,"65125099999,DNAA,65112599999,remote"
abuja,2022-08-17,29,23,25.4,33.6,23,26.6,22.6,84.8,0.8,100,12.5,rain,0,0,13.4,8.1,304.4,1014.1,52.9,6.6,229.2,19.8,7,30,2022-08-17T06:21:59,2022-08-17T18:46:17,0.68,"Rain, Partially cloudy",Partly cloudy throughout the day with rain clearing later.,rain,"65125099999,DNAA,65112599999,remote"
abuja,2022-08-18,29,23,25.1,32.8,23,26,22.9,88.3,4,100,4.17,rain,0,0,16.8,9.2,313.9,1012.8,55.1,6.2,143.1,12.2,5,10,2022-08-18T06:21:59,2022-08-18T18:45:50,0.71,"Rain, Partially cloudy",Partly cloudy throughout the day with late afternoon rain.,rain,"65125099999,DNAA,65112599999,remote"
abuja,2022-08-19,27,21.9,23.4,29.6,21.9,23.6,21.8,91.1,1,100,4.17,rain,0,0,12.1,8.1,221,1013.1,65.1,7,130.3,11.3,5,10,2022-08-19T06:21:59,2022-08-19T18:45:23,0.75,"Rain, Partially cloudy",Partly cloudy throughout the day with afternoon rain.,rain,"65125099999,DNAA,65112599999,remote"
abuja,2022-08-20,28.2,22,24.4,31,22,24.9,22,87.3,0.1,100,4.17,rain,0,0,21.7,6.5,230.5,1015.1,72.6,6.2,228.6,19.8,8,30,2022-08-20T06:21:58,2022-08-20T18:44:55,0.77,"Rain, Partially cloudy",Partly cloudy throughout the day with late afternoon rain.,rain,"65125099999,DNAA,65112599999,remote"
abuja,2022-08-21,30,21,25.2,33.3,21,26.3,22,83.7,0,0,0,rain,0,0,16.1,9.2,289,1014.2,56.6,6.6,237.1,20.5,8,30,2022-08-21T06:21:57,2022-08-21T18:44:27,0.81,Partially cloudy,Partly cloudy throughout the day.,partly-cloudy-day,"65125099999,DNAA,65112599999"
abuja,2022-08-22,26,23,24.3,26,23,24.3,22.7,90.6,2,100,4.17,rain,0,0,18.1,10.3,252.1,1011.3,72.2,6.1,181.6,15.7,8,30,2022-08-22T06:21:56,2022-08-22T18:43:58,0.84,"Rain, Partially cloudy",Partly cloudy throughout the day with afternoon rain.,rain,"65125099999,DNAA,65112599999"
abuja,2022-08-23,27,23,24.6,29.2,23,24.7,22,85.8,27,100,50,rain,0,0,23.5,10.3,179.3,1013.2,71.5,6,115.8,9.9,6,30,2022-08-23T06:21:54,2022-08-23T18:43:29,0.87,"Rain, Partially cloudy",Partly cloudy throughout the day with a chance of rain throughout the day.,rain,"65125099999,DNAA,65112599999,remote"
abuja,2022-08-24,27,22,24.4,29.2,22,24.7,21.7,85.6,0.2,100,4.17,rain,0,0,18.6,8.1,270.7,1015.9,71.5,6.8,157.7,13.7,6,10,2022-08-24T06:21:52,2022-08-24T18:42:59,0.91,"Rain, Partially cloudy",Partly cloudy throughout the day with morning rain.,rain,"65125099999,DNAA,65112599999,remote"
abuja,2022-08-25,28,21.9,24.8,31.2,21.9,25.4,22,85.3,9.6,100,37.5,rain,0,0,25.3,11.4,285.8,1014.5,70.8,6.7,150.6,13,7,10,2022-08-25T06:21:49,2022-08-25T18:42:29,0.94,"Rain, Partially cloudy",Partly cloudy throughout the day with a chance of rain throughout the day.,rain,"65125099999,DNAA,65112599999,remote"
abuja,2022-08-26,26,22.1,24.4,26,22.1,24.4,22.2,88,0.1,100,4.17,rain,0,0,16.3,10.3,192.3,1012.4,53.2,6.7,121,10.2,4,10,2022-08-26T06:21:47,2022-08-26T18:41:58,0.97,"Rain, Partially cloudy",Partly cloudy throughout the day with morning rain.,rain,"65125099999,DNAA,65112599999,remote"
abuja,2022-08-27,28,21,23.8,30.7,21,24.1,21.8,89.2,0.9,100,8.33,rain,0,0,15.9,12.8,202.7,1012,68.5,6.2,83.7,7.3,3,30,2022-08-27T06:21:44,2022-08-27T18:41:27,0,"Rain, Partially cloudy",Partly cloudy throughout the day with rain in the morning and afternoon.,rain,"65125099999,DNAA,65112599999,remote"
abuja,2022-08-28,27,21.3,23.9,29.2,21.3,24.1,21.8,88.6,28.6,100,12.5,rain,0,0,10.3,8.1,279.3,1014.1,74.6,6.1,91.7,8,3,10,2022-08-28T06:21:40,2022-08-28T18:40:55,0.04,"Rain, Partially cloudy",Partly cloudy throughout the day with rain.,rain,"65125099999,DNAA,65112599999,remote"
abuja,2022-08-29,24,21.7,22.8,24,21.7,22.8,21.9,94.9,3,100,4.17,rain,0,0,15.7,6.9,296.1,1013.3,72.7,6.4,103,8.7,4,10,2022-08-29T06:21:36,2022-08-29T18:40:23,0.08,"Rain, Partially cloudy",Partly cloudy throughout the day with afternoon rain.,rain,"65125099999,DNAA,65112599999,remote"
abuja,2022-08-30,31,21,25.3,35.5,21,26.6,21.8,82.4,0.4,100,16.67,rain,0,0,16.3,6.9,157.2,1012.3,51.7,6.8,247,21.5,8,30,2022-08-30T06:21:32,2022-08-30T18:39:51,0.11,"Rain, Partially cloudy",Partly cloudy throughout the day with afternoon rain.,rain,"65125099999,DNAA,65112599999,remote"
abuja,2022-08-31,29,23,25.3,32.7,23,26.4,22.9,86.9,0.8,100,4.17,rain,0,0,17.7,12.8,216.1,1013.3,76.9,7.2,219.5,18.9,8,60,2022-08-31T06:21:28,2022-08-31T18:39:18,0.15,"Rain, Partially cloudy",Partly cloudy throughout the day with late afternoon rain.,rain,"65125099999,DNAA,65112599999,remote"
